asset_type,asset_id,filename,relative_path,file_size,sha256,series,allowed_rarities,status,notes
base_templates,B01_VAR_01,B01_VAR_01.png,assets/base_templates/B01_VAR_01.png,3034921,418b3bde414cbb8c3635187157a4936bc0613dbf8d28dabfa5b6b63eaa1f9998,Lucky 8 Gas & Motel|Token Pawn,Common|Uncommon,approved,used by approved_0100
base_templates,B01_VAR_02,B01_VAR_02.png,assets/base_templates/B01_VAR_02.png,2644126,6bf7bd71a33eacc5fba214980ce7b4ba2049ee21ee1b46dd317cb8f2bfc7af1a,Side B Records|Sunset Mart,Common|Uncommon,approved,used by approved_0100
base_templates,B01_VAR_03,B01_VAR_03.png,assets/base_templates/B01_VAR_03.png,3052533,ecd43c0be5364bc448e7aed3e8067e3f8746ea89e529eaee0d731b185fdfac49,Sunset Mart,Common,approved,used by approved_0100
base_templates,B01_VAR_04,B01_VAR_04.png,assets/base_templates/B01_VAR_04.png,2927854,c3230c8856eaec73b3158eb100613d8f07d25459cf9309fa7b593bdecf98f068,Midnight Diner|Sunset Mart,Common,approved,used by approved_0100
base_templates,B01_VAR_05,B01_VAR_05.png,assets/base_templates/B01_VAR_05.png,2260973,cdf25c8978dd16afbddb31c067d6713c124f0c7658051a0d8908359952f7fc31,Night Owl Video|Side B Records,Common|Uncommon,approved,used by approved_0100
base_templates,B01_VAR_06,B01_VAR_06.png,assets/base_templates/B01_VAR_06.png,2693887,6861ea3bd4cfe402a98c358f54c7f377810abb416cef5b24bb5fb009cf7342ff,Lucky 8 Gas & Motel,Legendary|Uncommon,approved,used by approved_0100
base_templates,B01_VAR_07,B01_VAR_07.png,assets/base_templates/B01_VAR_07.png,2888618,347383a763c36d0be6d7714181e88ea068030b07ff112c3e19b79a528d171e8d,Side B Records|Token Pawn,Common,approved,used by approved_0100
base_templates,B01_VAR_08,B01_VAR_08.png,assets/base_templates/B01_VAR_08.png,2940794,97fd0e6b5f625bdb52bd43effb7c2cc38f7b959fc04feb9926be20a4fb3c5766,Midnight Diner|Side B Records,Common|Uncommon,approved,used by approved_0100
base_templates,B02_VAR_01,B02_VAR_01.png,assets/base_templates/B02_VAR_01.png,2754821,cf717913cc6c61d758c073a214e690d68c61622b2f3aae7cbfe589a20c99d5f5,Night Owl Video,Uncommon,approved,used by approved_0100
base_templates,B02_VAR_02,B02_VAR_02.png,assets/base_templates/B02_VAR_02.png,2717869,c78c9003022896e3a5f1b46333eaf2330bc1ff2c5b5a68d0d8905cc4a28ee715,Token Pawn,Uncommon,approved,used by approved_0100
base_templates,B02_VAR_03,B02_VAR_03.png,assets/base_templates/B02_VAR_03.png,2806548,a458b268dd4a59b36a7c6ea1d37e9ef387037ec820408f489c05bd51896eb0e8,Night Owl Video|Side B Records,Common,approved,used by approved_0100
base_templates,B02_VAR_04,B02_VAR_04.png,assets/base_templates/B02_VAR_04.png,2735475,5af9bc585f64c21455d40b1cfb13b1ceabe77ded690ade27d9892162dbe14343,Midnight Diner|Night Owl Video,Common|Uncommon,approved,used by approved_0100
base_templates,B02_VAR_05,B02_VAR_05.png,assets/base_templates/B02_VAR_05.png,2511490,a7f222dadd25bfdb96049e1e3d95e2c16f62f8ffbdfab0f62fef37df1c6b5cb1,Lucky 8 Gas & Motel,Common,approved,used by approved_0100
base_templates,B02_VAR_06,B02_VAR_06.png,assets/base_templates/B02_VAR_06.png,2669783,dc542e354511b14b09899d008cc2ac3ca54ffb14b0360da7f345f10545c681c5,Token Pawn,Common,approved,used by approved_0100
base_templates,B02_VAR_07,B02_VAR_07.png,assets/base_templates/B02_VAR_07.png,2719955,4f100a7207e4be1f6b1901d5f74931b915c9d0b810baf7aec26cab9c117a882d,Lucky 8 Gas & Motel|Night Owl Video,Common,approved,used by approved_0100
base_templates,B02_VAR_08,B02_VAR_08.png,assets/base_templates/B02_VAR_08.png,2821984,efe59e1fe6924ed0e482b5028dcd102f63a4b51406e54c286c07cf1eddce56f7,Token Pawn,Common,approved,used by approved_0100
base_templates,B02_VAR_09,B02_VAR_09.png,assets/base_templates/B02_VAR_09.png,2043731,5aaaeafda21dd112bf007c4b1d87cbae370bc158e8d00cb213346fb2ac532b7c,Night Owl Video,Rare,approved,used by approved_0100
base_templates,B02_VAR_10,B02_VAR_10.png,assets/base_templates/B02_VAR_10.png,2169118,6b27fd633df5aaa33c4288e72c40cc266aecb004b6a564dac812999e61750e32,Midnight Diner|Night Owl Video,Common|Uncommon,approved,used by approved_0100
base_templates,B02_VAR_11,B02_VAR_11.png,assets/base_templates/B02_VAR_11.png,2769854,f461086af86f8334f77395b8ac69804c67c9915654c46a80b8794d984d628a1c,Side B Records|Sunset Mart,Rare|Uncommon,approved,used by approved_0100
base_templates,B02_VAR_12,B02_VAR_12.png,assets/base_templates/B02_VAR_12.png,2682897,7502795554c61d205223d27dfe0120f622fbc9ea6f0f9f5f6d3bff47b8b4f6b7,Midnight Diner|Sunset Mart,Common|Legendary,approved,used by approved_0100
base_templates,B03_VAR_01,B03_VAR_01.png,assets/base_templates/B03_VAR_01.png,2739746,c33303c305d9683bc533b79c66e03e3981d3392dfb28d2c90f248c244889b7b0,Token Pawn,Common,approved,used by approved_0100
base_templates,B03_VAR_02,B03_VAR_02.png,assets/base_templates/B03_VAR_02.png,2467409,b97a74b178b7ab717f8012b612811695ef6dc151ef1d01dcb80d7b0a7b48d9db,Side B Records|Sunset Mart,Common|Legendary,approved,used by approved_0100
base_templates,B03_VAR_03,B03_VAR_03.png,assets/base_templates/B03_VAR_03.png,2603035,83f8ed61e48627f2ae93e28bdba21d0043900224057ecbe78b8d46264e67849b,Midnight Diner,Common|Rare,approved,used by approved_0100
base_templates,B03_VAR_04,B03_VAR_04.png,assets/base_templates/B03_VAR_04.png,2837163,3a9355f97348cc87c3a42e018593b5140d74a6818727232154e815b53b14fedb,Lucky 8 Gas & Motel|Token Pawn,Common,approved,used by approved_0100
base_templates,B03_VAR_05,B03_VAR_05.png,assets/base_templates/B03_VAR_05.png,2802093,4fbefc060c336842a15cf93ba3e2d8cb49c5f07fe4c9059e20a25e73acc72d00,Lucky 8 Gas & Motel|Midnight Diner,Common|Uncommon,approved,used by approved_0100
base_templates,B03_VAR_06,B03_VAR_06.png,assets/base_templates/B03_VAR_06.png,2651575,ab9911bdd497e4b19c25028648bf767cb2c39a75ae9d5bfe6494bb1410ef8617,Token Pawn,Uncommon,approved,used by approved_0100
base_templates,B03_VAR_07,B03_VAR_07.png,assets/base_templates/B03_VAR_07.png,2716727,af20c7b7061b9ea592ab7a2dd8c6ce830431811394b77223c76767757d1c2293,Midnight Diner|Token Pawn,Common|Ultra Rare,approved,used by approved_0100
base_templates,B03_VAR_08,B03_VAR_08.png,assets/base_templates/B03_VAR_08.png,2233415,06577befc40e49386532e20f39436fc71e30ed9961ba19dd3cf127306b23d8fa,Midnight Diner,Uncommon,approved,used by approved_0100
base_templates,B04_VAR_01,B04_VAR_01.png,assets/base_templates/B04_VAR_01.png,1930464,185d0f7953c7686f083edc82a664b31c1da91231e23b360c5cfb46e188ab4cc3,Side B Records|Sunset Mart,Legendary|Rare,approved,used by approved_0100
base_templates,B04_VAR_02,B04_VAR_02.png,assets/base_templates/B04_VAR_02.png,1218907,33e6eab832a7c41c3129e1591151064d77f7e551c2df0613665a379ad1dacf34,Lucky 8 Gas & Motel,Common,approved,used by approved_0100
base_templates,B04_VAR_03,B04_VAR_03.png,assets/base_templates/B04_VAR_03.png,1928902,f82a135ae06c897f9105914c035950f351030dbcff1e0e26e7ce06f2416cbeca,Midnight Diner|Side B Records,Common,approved,used by approved_0100
base_templates,B04_VAR_04,B04_VAR_04.png,assets/base_templates/B04_VAR_04.png,1583687,509846be7c2c886ef46026faf736ecc2360cd7cbc679e4df8cf35135f552a8e1,Lucky 8 Gas & Motel,Uncommon,approved,used by approved_0100
base_templates,B04_VAR_05,B04_VAR_05.png,assets/base_templates/B04_VAR_05.png,1809157,7ff08120804ee65aef0c5f18465221a77ba722377586f849016322f3e7e72d2f,Lucky 8 Gas & Motel|Midnight Diner,Common|Rare,approved,used by approved_0100
base_templates,B04_VAR_06,B04_VAR_06.png,assets/base_templates/B04_VAR_06.png,1947498,a81cca60f6434444b7f3e5604d773f9e190ff6eec8f8cbb744109508cf373673,Sunset Mart,Common|Uncommon,approved,used by approved_0100
base_templates,B04_VAR_07,B04_VAR_07.png,assets/base_templates/B04_VAR_07.png,1607756,0b8706c8789ffb0ac928a00b2599d6a05a8cb39665a2151cabb4904f92271d49,Sunset Mart,Common,approved,used by approved_0100
base_templates,B04_VAR_08,B04_VAR_08.png,assets/base_templates/B04_VAR_08.png,1693666,0d41bc2ef7d7802e4b1413eaa51418290858352450ea8a0e6d43dc083b58274b,Side B Records,Rare,approved,used by approved_0100
base_templates,B05_VAR_01,B05_VAR_01.png,assets/base_templates/B05_VAR_01.png,2819079,0f0cc635f7b171cf99dc26e5853739b180b64a60bbe19059b7b51a87300601fb,Token Pawn,Common,approved,used by approved_0100
base_templates,B05_VAR_02,B05_VAR_02.png,assets/base_templates/B05_VAR_02.png,2992218,83690a8a96e966195b046001338d704de1fcf7443853900829ff72f34c63a133,Sunset Mart,Common,approved,used by approved_0100
base_templates,B05_VAR_03,B05_VAR_03.png,assets/base_templates/B05_VAR_03.png,2921465,707df95eb088f9d43c985f7c378771b448ad028ce84d56ad2cf69c3b2ef66e5f,Night Owl Video,Common,approved,used by approved_0100
base_templates,B05_VAR_04,B05_VAR_04.png,assets/base_templates/B05_VAR_04.png,2190159,555a391de5f764f09c2b8641fd9b0e7660fad5b6f220548db45bdb88d75d2c12,Night Owl Video,Uncommon,approved,used by approved_0100
base_templates,B05_VAR_05,B05_VAR_05.png,assets/base_templates/B05_VAR_05.png,2874809,b0efbe810fc75b2367ce6d7e6a0ca4415182ae878a525231561c2dc1d1010133,Lucky 8 Gas & Motel|Token Pawn,Common,approved,used by approved_0100
base_templates,B05_VAR_06,B05_VAR_06.png,assets/base_templates/B05_VAR_06.png,2716325,518d32c19251531065c6747ba1149d0f0152234f06c012dfdb5b29659c196a7d,Midnight Diner,Rare,approved,used by approved_0100
base_templates,B06_VAR_01,B06_VAR_01.png,assets/base_templates/B06_VAR_01.png,3120889,7b6e481670e341fec6a924bef228e05fc291fff680bff01b02f5be84a2f431bd,Midnight Diner|Night Owl Video,Common|Uncommon,approved,used by approved_0100
base_templates,B06_VAR_02,B06_VAR_02.png,assets/base_templates/B06_VAR_02.png,2402006,0e1c1b01d9354ece5bc8f8e49d8084cdd7732a9ba66492e92c16490dd8a11224,Lucky 8 Gas & Motel|Sunset Mart,Common|Rare,approved,used by approved_0100
base_templates,B06_VAR_03,B06_VAR_03.png,assets/base_templates/B06_VAR_03.png,2929305,010c5c1b67275e2c662a9c3fbc6f0d3120b5f51167db63b7c7b26ddc9bc3a2fd,Lucky 8 Gas & Motel|Token Pawn,Common,approved,used by approved_0100
base_templates,B06_VAR_04,B06_VAR_04.png,assets/base_templates/B06_VAR_04.png,2232283,95057859e77d3bcec2da7d3dc15e5d657e08a70fe00bec962ce29a809a9d8280,Lucky 8 Gas & Motel,Common,approved,used by approved_0100
base_templates,B06_VAR_05,B06_VAR_05.png,assets/base_templates/B06_VAR_05.png,2423780,0f8ecdeec82ec0bdb709503540fa14f75d8d63f7a33fb033eeb7282c8fc556b1,Side B Records|Token Pawn,Common|Uncommon,approved,used by approved_0100
base_templates,B06_VAR_06,B06_VAR_06.png,assets/base_templates/B06_VAR_06.png,2946310,2594d45dc5ee3e3e402a5def46d307e6617af90cb6bd6df69f8847acaa7b557c,Midnight Diner,Common,approved,used by approved_0100
base_templates,B06_VAR_07,B06_VAR_07.png,assets/base_templates/B06_VAR_07.png,3039660,1cb4dd34a4176ee838474b78ee20d5beff058b0bcc69c972e66b513200ddc053,Side B Records,Common|Uncommon,approved,used by approved_0100
base_templates,B06_VAR_08,B06_VAR_08.png,assets/base_templates/B06_VAR_08.png,2528310,17be3c85cd39670795dc3974a1e7352f878cfdb2d038bb986ae4a836356cf859,Night Owl Video|Token Pawn,Common|Uncommon,approved,used by approved_0100
base_templates,B06_VAR_09,B06_VAR_09.png,assets/base_templates/B06_VAR_09.png,2468329,ab6a913d23c4538b533abd48226d6791c424122979908888656ad2644e9aad0d,Token Pawn,Rare,approved,used by approved_0100
base_templates,B06_VAR_10,B06_VAR_10.png,assets/base_templates/B06_VAR_10.png,2805400,2ef52d58b80e4b841a3cb7d0dda48cb36ac6649cd5ea76f0bbd4f0fd217b2b3f,Midnight Diner|Side B Records,Common,approved,used by approved_0100
base_templates,B07_VAR_01,B07_VAR_01.png,assets/base_templates/B07_VAR_01.png,2766963,46b6281b7e38f7fddf37a958135deedbee8535b5aabcdc54696c7d205f01331c,Sunset Mart,Common|Uncommon,approved,used by approved_0100
base_templates,B07_VAR_02,B07_VAR_02.png,assets/base_templates/B07_VAR_02.png,2778736,b0fa78c38e7b0b3b8a5f93000d923ae43dee6441da806adb0197d6c6f388ca9f,Token Pawn,Common,approved,used by approved_0100
base_templates,B07_VAR_03,B07_VAR_03.png,assets/base_templates/B07_VAR_03.png,2675527,63495a0e25aaa3d3fb80c371d95555e8bcc488b87eb93c9925d7e041baacdf4f,Side B Records|Sunset Mart,Common,approved,used by approved_0100
base_templates,B07_VAR_04,B07_VAR_04.png,assets/base_templates/B07_VAR_04.png,2882760,1df83985cceb8a2c8fb92747df10b6c3e75fe70e3133a0a102f399eedf8a678a,Night Owl Video|Side B Records,Uncommon,approved,used by approved_0100
base_templates,B07_VAR_05,B07_VAR_05.png,assets/base_templates/B07_VAR_05.png,2012130,e461d70bc40295cbbd7bcdc3af0e4e3dc9057af8cc3a167b648163089d5f153b,Lucky 8 Gas & Motel,Common,approved,used by approved_0100
base_templates,B08_VAR_01,B08_VAR_01.png,assets/base_templates/B08_VAR_01.png,2707116,b01d9242e05186480778331a3a5ffecd5e0f979ab85272f2bba2f372a54e8e42,Night Owl Video|Side B Records,Common|Uncommon,approved,used by approved_0100
base_templates,B08_VAR_02,B08_VAR_02.png,assets/base_templates/B08_VAR_02.png,2505887,d4b7f2e8717d70d27a644b845be59ceca1d6864ae7b602dad4cb6a15e6658ce2,Night Owl Video,Common,approved,used by approved_0100
base_templates,B08_VAR_03,B08_VAR_03.png,assets/base_templates/B08_VAR_03.png,2752235,7d05ca889530ac719baa7803668b57d7c6aa9b0a89651563eac3896ef00f5c9e,Midnight Diner|Night Owl Video,Common|Rare,approved,used by approved_0100
base_templates,B08_VAR_04,B08_VAR_04.png,assets/base_templates/B08_VAR_04.png,2530303,b4a6af4bfeb02bf8ab5ecb88f48aba1c139eb42747131b9fa4e2ce7cde0aa738,Lucky 8 Gas & Motel,Common,approved,used by approved_0100
stamps,stamp_1_of_1_gold,stamp_1_of_1_gold.png,assets/stamps/stamp_1_of_1_gold.png,31256,f646ac592202ca7e19d0082da7a155cfe0e0919226571bca6af5120450e2eeae,,,deprecated,Not in approved production pool
stamps,STAMP_AFTER_HOURS,stamp_after_hours_red.png,assets/stamps/stamp_after_hours_red.png,25451,d85e5024fcfc5175575488bd98ef05ba1afbc521a82b0a8ad36e246eb9fdeb51,Midnight Diner,Uncommon,approved,used by approved_0100
stamps,STAMP_ARCHIVED_FOREVER_GOLD,stamp_archived_forever_gold.png,assets/stamps/stamp_archived_forever_gold.png,23422,b029de585613d3ce1eb0d4531594361288c008b2f90ca64da9369bf2de6cbd34,Midnight Diner,Legendary,approved,used by approved_0100
stamps,STAMP_CHECKED_OUT,stamp_checked_out_red.png,assets/stamps/stamp_checked_out_red.png,31877,92c5d90fb0699ea96559fa1638c4fb3737d70e61700d99ebd251a6b34fa7f095,Night Owl Video,Common|Rare|Uncommon,approved,used by approved_0100
stamps,STAMP_CLAIM_CLOSED,stamp_claim_closed_red.png,assets/stamps/stamp_claim_closed_red.png,32853,13c851004f49a6fed303ae33c49d35156a26a48d57491c98e3475337b9365f4c,Token Pawn,Common|Uncommon,approved,used by approved_0100
stamps,STAMP_CLOSED,stamp_closed_red.png,assets/stamps/stamp_closed_red.png,22382,92081bca3ebf858a31fc4b40c316393701bd2341a47739c45d02196b7b2264bb,Lucky 8 Gas & Motel|Midnight Diner|Sunset Mart,Common|Rare|Uncommon,approved,used by approved_0100
stamps,STAMP_DO_NOT_OPEN,stamp_do_not_open_red.png,assets/stamps/stamp_do_not_open_red.png,26982,4229bb5625c35a00b4b653857ab326aebc9e23f9e607c3d860086c079ffc00e2,Night Owl Video,Common|Rare|Uncommon,approved,used by approved_0100
stamps,stamp_due_friday_red,stamp_due_friday_red.png,assets/stamps/stamp_due_friday_red.png,37877,a3b584667e7666d5e63ec234d7ac7dcdd8894b16e318336819ec4b7847755b13,,,deprecated,Not in approved production pool
stamps,STAMP_FINAL_SALE,stamp_final_sale_red.png,assets/stamps/stamp_final_sale_red.png,13433,702471348fb598f128de15a6c42ecd12a5292bf3984f4d31e879fc20418166a9,Side B Records|Sunset Mart,Common|Uncommon,approved,used by approved_0100
stamps,stamp_genesis_gold,stamp_genesis_gold.png,assets/stamps/stamp_genesis_gold.png,45399,79dab5208faf27922a06d4ea5bc2c930b58a19cf8520eb61105b764b0d49684c,,,deprecated,Not in approved production pool
stamps,STAMP_GOLD_SEAL_GOLD,stamp_gold_seal_gold.png,assets/stamps/stamp_gold_seal_gold.png,31056,1ba40124fde938c488e0ef019b7fb88f83fc311d855b6eeaf5338f8f27538ca8,Lucky 8 Gas & Motel|Side B Records,Legendary,approved,used by approved_0100
stamps,STAMP_LAST_COPY,stamp_last_copy_red.png,assets/stamps/stamp_last_copy_red.png,31061,c035c3b7af19a461a4a121694732fa63ad0d918511cc37b810288d3a4ac47ce0,Side B Records,Common|Rare|Uncommon,approved,used by approved_0100
stamps,STAMP_LAST_ORDER,stamp_last_order_red.png,assets/stamps/stamp_last_order_red.png,41964,ac19e9afb5884f49e162674e2de60de6d28900788a3337726fea4c45cca64e6a,Midnight Diner,Common|Rare,approved,used by approved_0100
stamps,STAMP_NO_REFUNDS,stamp_no_refunds_red.png,assets/stamps/stamp_no_refunds_red.png,25493,fa453db45227f59a7d285c7cbbffb17454353b92bd4f49ed6edbf2755bd0881b,Midnight Diner|Night Owl Video|Sunset Mart,Common|Rare|Uncommon,approved,used by approved_0100
stamps,STAMP_NO_VACANCY,stamp_no_vacancy_red.png,assets/stamps/stamp_no_vacancy_red.png,50516,e073716d31c7fb78267835cfa5970bef9652324afa283e7358f6ef594213f542,Lucky 8 Gas & Motel,Common|Uncommon,approved,used by approved_0100
stamps,STAMP_OVERDUE,stamp_overdue_red.png,assets/stamps/stamp_overdue_red.png,30664,9ed47211963b25751517fab12ffac26f0d1dadc0b60bbb0fe87e6c40af325626,Night Owl Video,Common|Uncommon,approved,used by approved_0100
stamps,STAMP_PAID_CASH,stamp_paid_cash_red.png,assets/stamps/stamp_paid_cash_red.png,31274,4e17a9fe7be705636a854efbe39e0c497c00b71896aa9d974c72c46661931abe,Lucky 8 Gas & Motel,Common|Uncommon,approved,used by approved_0100
stamps,STAMP_PAWN_HOLD,stamp_pawn_hold_red.png,assets/stamps/stamp_pawn_hold_red.png,39344,1b7771fd52f265f766238e0005ca956f87a78fddd6e3fe721e47647c18d7bc29,Token Pawn,Common|Rare|Uncommon,approved,used by approved_0100
stamps,stamp_redeemed_gold,stamp_redeemed_gold.png,assets/stamps/stamp_redeemed_gold.png,40081,72f8f74a91b997253d01eb67ba92fe42ad889e0c5227810892e97114a0cd5a4d,,,deprecated,Not in approved production pool
stamps,stamp_returned_empty_red,stamp_returned_empty_red.png,assets/stamps/stamp_returned_empty_red.png,39205,d906efe38f171a40d2743d9aa003414078264bdb89b87aeb239d91dec2c4cc23,,,deprecated,Not in approved production pool
stamps,STAMP_ROOM_PAID,stamp_room_paid_red.png,assets/stamps/stamp_room_paid_red.png,22212,8f2faecc452963677267c9f9e26ed612268295f0228e8692321579e23a2c5a1c,Lucky 8 Gas & Motel,Common,approved,used by approved_0100
stamps,STAMP_STORE_CREDIT,stamp_store_credit_red.png,assets/stamps/stamp_store_credit_red.png,24918,073a6bb32ecf5e4d6f27fb039fe0ebd8827633a95ebdcdce3ffa771503ba84ae,Side B Records,Common|Rare|Uncommon,approved,used by approved_0100
stamps,stamp_ultra_rare_gold,stamp_ultra_rare_gold.png,assets/stamps/stamp_ultra_rare_gold.png,38765,d6c4b59f28385ab8ba15afb0f274d40bf0406ca86771fcd0259c8e8742dab583,,,deprecated,Not in approved production pool
stamps,STAMP_UNCLAIMED,stamp_unclaimed_red.png,assets/stamps/stamp_unclaimed_red.png,26893,3e6172b65757932859fda641ffd4865d9743be9fe29d64554f5ccbd11d985e23,Token Pawn,Common,approved,used by approved_0100
stamps,STAMP_VAULTED_GOLD,stamp_vaulted_gold.png,assets/stamps/stamp_vaulted_gold.png,46845,fa591ba0a515583e69e13d2e16a29f87c2a3fef592845b1e2f50d665ed694c3a,Token Pawn,Ultra Rare,approved,used by approved_0100
stamps,STAMP_ZERO_SUPPLY_GOLD,stamp_zero_supply_gold.png,assets/stamps/stamp_zero_supply_gold.png,17015,1d86879173e510152f01cb6e14942daf17e069e3394e1924a23ae1f15299e1ba,Sunset Mart,Legendary,approved,used by approved_0100
handwritten,NOTE_1138PM,note_1138pm.png,assets/handwritten/note_1138pm.png,12566,93f6e38ad075f00f7a0f3713eaeab799d5a9a4d9a0f5cd0c32ab3df2321564cd,Lucky 8 Gas & Motel|Midnight Diner,Common|Legendary|Rare|Uncommon,approved,used by approved_0100
handwritten,NOTE_30_DAYS,note_30_days.png,assets/handwritten/note_30_days.png,13902,c645365aa5c42b5af1bd1d618d323845a13f9c65bc7cb0e1d7f2dc88b34d69c6,Token Pawn,Common|Rare|Ultra Rare,approved,used by approved_0100
handwritten,NOTE_512PM,note_512pm.png,assets/handwritten/note_512pm.png,13456,9b441a416ec7db333760b2956f3f98a4b42291506e0ece76b3fae28e78f85b9d,Sunset Mart,Common,approved,used by approved_0100
handwritten,NOTE_A_SIDE_GONE,note_a_side_gone.png,assets/handwritten/note_a_side_gone.png,16109,d17a5b14af930550a5f42300c9d74259f825a8764328b7d5ea9609dfde5ba2e0,Side B Records,Common|Legendary|Rare,approved,used by approved_0100
handwritten,NOTE_AISLE_3,note_aisle_3.png,assets/handwritten/note_aisle_3.png,10610,c12467d18abb36e49f197f451f7a147100fd39caea12c34b13c8d0738e255dbc,Sunset Mart,Common|Rare|Uncommon,approved,used by approved_0100
handwritten,NOTE_BOOTH_4,note_booth_4.png,assets/handwritten/note_booth_4.png,12684,8cf1a48be6f75a15100df181ab2d05e88be289a9766edbd9fa8ee647628870ca,Midnight Diner,Common|Uncommon,approved,used by approved_0100
handwritten,NOTE_CASE_14,note_case_14.png,assets/handwritten/note_case_14.png,11094,0b1f7185163916aba3a1eca4b16d069a4871436829e658e2fec80899af71a6ac,Token Pawn,Common,approved,used by approved_0100
handwritten,NOTE_CLAIM_BY_5,note_claim_by_5.png,assets/handwritten/note_claim_by_5.png,20169,933811f07f79636f031acbbd0ea654fec8cc34bf729fc6a31fbfc0142c164542,Token Pawn,Common,approved,used by approved_0100
handwritten,NOTE_DUE_FRIDAY,note_due_friday.png,assets/handwritten/note_due_friday.png,22160,8e1cf98355e78e6e012181ab95ac328976958d80b57192ebf0c17c622195ea00,Night Owl Video,Uncommon,approved,used by approved_0100
handwritten,NOTE_EXIT_22,note_exit_22.png,assets/handwritten/note_exit_22.png,12036,f67f31187bd3f3d9c9c59879e81d38525a98f32a9044026d1c379bc2b0db5f7b,Lucky 8 Gas & Motel,Common|Legendary|Uncommon,approved,used by approved_0100
handwritten,NOTE_FINAL_SALE,note_final_sale.png,assets/handwritten/note_final_sale.png,20146,fe08b0caa153e30597dd2d8d4d923518e626edaef8035f37b40a5a1b707a30be,Sunset Mart,Common|Uncommon,approved,used by approved_0100
handwritten,NOTE_HOLD_TAG,note_hold_tag.png,assets/handwritten/note_hold_tag.png,12403,bf11b3e84c8b240cf04ec80334346915e02c7dc8d6f079fd3bd7d223f5bdc2f2,Token Pawn,Common|Uncommon,approved,used by approved_0100
handwritten,NOTE_LAST_COPY,note_last_copy.png,assets/handwritten/note_last_copy.png,13329,b8adb5ccf3e94af52173a33f55c41c0ac6346ac0b5b1ddf07c72cd9bc943efea,Side B Records,Common|Uncommon,approved,used by approved_0100
handwritten,note_last_night,note_last_night.png,assets/handwritten/note_last_night.png,15066,2fa836efc0341152aa974da664ca08792a8c22c8a528a338db0ba53ebce4720a,,,deprecated,Not in approved production pool
handwritten,NOTE_LAST_ORDER,note_last_order.png,assets/handwritten/note_last_order.png,17080,297a101e4e45a69e317bcff8d9d507c2e09ee4ca2e9740aac63a83d94077d9fa,Midnight Diner,Common,approved,used by approved_0100
handwritten,NOTE_LAST_SHIFT,note_last_shift.png,assets/handwritten/note_last_shift.png,14676,eeb0e0378712d93ce5fd356a97245d4dd262a2da98beae4545431bf511e6d218,Sunset Mart,Common|Legendary,approved,used by approved_0100
handwritten,NOTE_LATE_FEE,note_late_fee.png,assets/handwritten/note_late_fee.png,14456,6b3493812e5b9693d417eba5fe284c5d55d5ea9f25dd39c95e5c260b40214cc0,Night Owl Video,Common|Rare|Uncommon,approved,used by approved_0100
handwritten,NOTE_NO_VACANCY,note_no_vacancy.png,assets/handwritten/note_no_vacancy.png,14401,4a25a31256a043a9e5e7f01453e917964582ca42a14255c8df5eee79c02e8559,Lucky 8 Gas & Motel,Common|Uncommon,approved,used by approved_0100
handwritten,note_paid_cash,note_paid_cash.png,assets/handwritten/note_paid_cash.png,20870,52930532a0d2839c94d63435017633c3d1d4ab26d48f085b44422415a093dfc4,,,deprecated,Not in approved production pool
handwritten,NOTE_REGISTER_2,note_register_2.png,assets/handwritten/note_register_2.png,22617,b044547e0b5268db2859bd6d60caee27801dbb1b1f49d538e893ac338674ca2d,Sunset Mart,Common|Rare,approved,used by approved_0100
handwritten,NOTE_RETURNED_EMPTY,note_returned_empty.png,assets/handwritten/note_returned_empty.png,29066,95d992f430b03069e1662e2e59e9dc0eaf0a1b71d19b0196962bbf927f2c8a3d,Night Owl Video,Common,approved,used by approved_0100
handwritten,NOTE_REWIND,note_rewind.png,assets/handwritten/note_rewind.png,15258,b12f4184299b8a633f715812920f1d9bfbd0e34fb15d1cdf2bd4bbdca6b324f4,Night Owl Video,Common|Uncommon,approved,used by approved_0100
handwritten,NOTE_ROOM_8,note_room_8.png,assets/handwritten/note_room_8.png,12885,c77a5062b2c30996d33076117994425a1cf346a5753561a4370a6a87b5640208,Lucky 8 Gas & Motel,Common|Uncommon,approved,used by approved_0100
handwritten,note_server_m,note_server_m.png,assets/handwritten/note_server_m.png,16165,133a71cdd4c5913f26f4f2469009b5eea540f4f537f22b7e30d1e6e0555567ec,,,deprecated,Not in approved production pool
handwritten,NOTE_SIDE_B,note_side_b.png,assets/handwritten/note_side_b.png,11554,41e752b0724247f5482228a7cce2858ef8b116e7f7504530870a015832e6baf5,Side B Records,Rare|Uncommon,approved,used by approved_0100
handwritten,NOTE_STORE_CREDIT,note_store_credit.png,assets/handwritten/note_store_credit.png,24834,f1a83c635227f15404111dd1a0ebc3be11dd40cb4135c0d825c1dd84ed8359a0,Side B Records,Common|Uncommon,approved,used by approved_0100
handwritten,NOTE_TABLE_6,note_table_6.png,assets/handwritten/note_table_6.png,14581,abdc646cc07c09343f333a0e39ceae7c8a82bec1d795aa7615b1bda5374bc83f,Midnight Diner,Common|Rare|Uncommon,approved,used by approved_0100
handwritten,NOTE_TAPE_12,note_tape_12.png,assets/handwritten/note_tape_12.png,14486,d6a47f897fa76397895052a4c6ce103784ae1f7d0756baf4830d422d2a588d40,Night Owl Video,Common|Rare|Uncommon,approved,used by approved_0100
handwritten,NOTE_TRACK_07,note_track_07.png,assets/handwritten/note_track_07.png,12929,02facd8c8cb8bc5ef7ffd8e7824a2ef1a5a0a69df58462b14b472912470f84a8,Side B Records,Common|Uncommon,approved,used by approved_0100
handwritten,NOTE_UNCLAIMED,note_unclaimed.png,assets/handwritten/note_unclaimed.png,18065,45ccaa95b4cbc48a5c4c7ab7bed793c2b76b7d941cee946c54f3786b7e60d0df,Token Pawn,Common|Uncommon,approved,used by approved_0100
props,prop_amber_stone_01,prop_amber_stone_01.png,assets/props/prop_amber_stone_01.png,21398,d0aacb96238cb4f60ef363715219e1bfce4f4b776e04731079c20481c81c1696,,,deprecated,Not in approved production pool
props,prop_ashtray_01,prop_ashtray_01.png,assets/props/prop_ashtray_01.png,539,1515a67448467da708479709f07a4fdd1a0a1fdba58cd3d7f7d4da3ade592042,,,deprecated,Not in approved production pool
props,prop_barcode_sticker_01,prop_barcode_sticker_01.png,assets/props/prop_barcode_sticker_01.png,27379,c89201e996ea465ba5082ec927523c17e8bbb054d5acc5dd848ea5d2228df488,,,deprecated,Not in approved production pool
props,prop_bottle_cap_01,prop_bottle_cap_01.png,assets/props/prop_bottle_cap_01.png,32424,dcd6e9191e6dc05522f4ed59d6fe6be5a70b371cb56b164ab2ae61efad1697fb,,,deprecated,Not in approved production pool
props,prop_bottle_opener_01,prop_bottle_opener_01.png,assets/props/prop_bottle_opener_01.png,22997,df943a051d2aaf9f9ff39c1d43c4e867384e2c09c3161ae752e50105e15316a3,,,deprecated,Not in approved production pool
props,prop_brooch_01,prop_brooch_01.png,assets/props/prop_brooch_01.png,20659,5062fe9cb680a6ef97f7aef6cc1f4e3652dddfb2a1c5371734ad4518ddf5b016,,,deprecated,Not in approved production pool
props,prop_cameo_brooch_01,prop_cameo_brooch_01.png,assets/props/prop_cameo_brooch_01.png,23786,241e3bc0e7cf82cfbb98a8a695d668e8fae75f1775fe881da211e793a7270f55,,,deprecated,Not in approved production pool
props,prop_chain_fragment_01,prop_chain_fragment_01.png,assets/props/prop_chain_fragment_01.png,797,55148e2b077f4a36a5a5ca3a11febbff0808a5567a9ffd37049c4f8351652063,,,deprecated,Not in approved production pool
props,prop_chatelaine_01,prop_chatelaine_01.png,assets/props/prop_chatelaine_01.png,12948,cb0163911050a4c6f9a6cd06b5c8ff10a809260722a2d375ebdbdcbb0f437eb2,,,deprecated,Not in approved production pool
props,prop_cigar_cutter_01,prop_cigar_cutter_01.png,assets/props/prop_cigar_cutter_01.png,22854,1fce88d0d9e14657429121f5eaf297fb67e0190d25a7826c0ed68dadc18fdf98,,,deprecated,Not in approved production pool
props,prop_cigarette_01,prop_cigarette_01.png,assets/props/prop_cigarette_01.png,12366,ff573ab58efe57584658734234b08028e070b3f70268763803d9b81fd20355e1,,,deprecated,Not in approved production pool
props,prop_cloth_napkin_01,prop_cloth_napkin_01.png,assets/props/prop_cloth_napkin_01.png,23548,50fb6fae730226865df6377d4ae6139b6ba34c79eeb509a1404f102b84898157,,,deprecated,Not in approved production pool
props,prop_coffee_stirrer_01,prop_coffee_stirrer_01.png,assets/props/prop_coffee_stirrer_01.png,19209,e170dc923126907fc031dde869e40515d37ee056c99264c6cc5bc1a7c9af3359,,,deprecated,Not in approved production pool
props,prop_compass_01,prop_compass_01.png,assets/props/prop_compass_01.png,788,3e838a266e0517f4a2f4bd57ab986b3a0566cf3f5051bbc11d0c555454c2f580,,,deprecated,Not in approved production pool
props,prop_crystal_ball_01,prop_crystal_ball_01.png,assets/props/prop_crystal_ball_01.png,23387,9d61ef790515121850e5731daefde444ff853e81658894268d3694123e656cd8,,,deprecated,Not in approved production pool
props,prop_dice_01,prop_dice_01.png,assets/props/prop_dice_01.png,12733,7fae49f2d1a9a9745ea7c5b7bf7c185741e2d47ece1affa48cd820e6f9957802,,,deprecated,Not in approved production pool
props,prop_envelope_corner_01,prop_envelope_corner_01.png,assets/props/prop_envelope_corner_01.png,9105,c84d2180dd40e44fb10c0e24cfde3670d06d7a737c53c130c4700f787c47c71b,,,deprecated,Not in approved production pool
props,prop_filigree_collar_01,prop_filigree_collar_01.png,assets/props/prop_filigree_collar_01.png,26182,0a1fa9086a7d7b251806879e5e4174b4a422cd575257f483c59dcbe3c8746bd6,,,deprecated,Not in approved production pool
props,prop_fork_01,prop_fork_01.png,assets/props/prop_fork_01.png,5754,2a5ddf6b67ea919e5b762e8557076825913a0d6aec6f976250e1af0e4ec5baa0,,,deprecated,Not in approved production pool
props,prop_fountain_pen_01,prop_fountain_pen_01.png,assets/props/prop_fountain_pen_01.png,23411,5cd530f147c8c5af9469d639a9fa22cebe29f4a2e4b4d040fa700aa79ff9143a,,,deprecated,Not in approved production pool
props,prop_gas_station_token_01,prop_gas_station_token_01.png,assets/props/prop_gas_station_token_01.png,534,dc83cb2b437e9eaa0f9fac5adb564e1e6d61b81f28d56ab5d9218755eb6af714,,,deprecated,Not in approved production pool
props,prop_gemstone_pendant_01,prop_gemstone_pendant_01.png,assets/props/prop_gemstone_pendant_01.png,474,3a38bdc989a6a698260fe5111310456926c66cbc232511f8978292c112157c98,,,deprecated,Not in approved production pool
props,prop_hair_clip_01,prop_hair_clip_01.png,assets/props/prop_hair_clip_01.png,13662,82ea4d4bbe1429c7723051cc4c355fe828ba6e7794292f3d7e23255ea0dd7de1,,,deprecated,Not in approved production pool
props,prop_hand_mirror_01,prop_hand_mirror_01.png,assets/props/prop_hand_mirror_01.png,30542,6d79edeb04b0e354a57a46a4dc116e423f09048ce90682a5003ffc042f1e43a9,,,deprecated,Not in approved production pool
props,prop_jeweled_compact_01,prop_jeweled_compact_01.png,assets/props/prop_jeweled_compact_01.png,22753,78984c0969c4bbe3d8b77557aa4c7c2fde2621cbcf3104bcbbf86d898f023c49,,,deprecated,Not in approved production pool
props,prop_keychain_01,prop_keychain_01.png,assets/props/prop_keychain_01.png,22586,f7c3e4a25f5b65f368d46cdcf415aa239dacf9a99594e514738c3754ce6f8fab,,,deprecated,Not in approved production pool
props,prop_magnifying_glass_01,prop_magnifying_glass_01.png,assets/props/prop_magnifying_glass_01.png,24442,c02ec0141b6705f3f351c25dc453fcce81ecdbaf52748e7f5e30c4c31cbc2b5d,,,deprecated,Not in approved production pool
props,prop_matchbook_01,prop_matchbook_01.png,assets/props/prop_matchbook_01.png,22901,1506b710bcfb6ce18c8f23182a5c39ff58831fe10110ef0fe7b346a9ce977b02,,,deprecated,Not in approved production pool
props,prop_matchbook_motel_01,prop_matchbook_motel_01.png,assets/props/prop_matchbook_motel_01.png,22408,62e1ed130e1c51dcbb71a7966e1469ab967b17bc4cccf1fd67af1a438576e105,,,deprecated,Not in approved production pool
props,prop_monocle_01,prop_monocle_01.png,assets/props/prop_monocle_01.png,12295,937449c8a7324fb0855c7ba09b5ca66f42cf7f77ead87ee760689320106b24ab,,,deprecated,Not in approved production pool
props,prop_newspaper_clip_01,prop_newspaper_clip_01.png,assets/props/prop_newspaper_clip_01.png,31317,a46fb3947f7579c564884385bf617142bc658f246944904d3106792317b4d83a,,,deprecated,Not in approved production pool
props,prop_old_key_01,prop_old_key_01.png,assets/props/prop_old_key_01.png,24756,3ada9e1e506982d476fa0c70d8b096d75d3ec0397296dba65232b07b5febd3fc,,,deprecated,Not in approved production pool
props,prop_old_key_02,prop_old_key_02.png,assets/props/prop_old_key_02.png,32109,f3a7608edd980506763e02dbcfe1b4dd8c2f9e4ec36515690e5b44d11a9ed8a5,,,deprecated,Not in approved production pool
props,prop_old_key_03,prop_old_key_03.png,assets/props/prop_old_key_03.png,22713,e6d72a72ed8ffe6f2a2bb9081bf93bdc4b45c4d61987c9187644fbaf0c9afc5e,,,deprecated,Not in approved production pool
props,prop_opera_glasses_01,prop_opera_glasses_01.png,assets/props/prop_opera_glasses_01.png,29192,079fd03b9f8c8e0277ea2298bb02ee93dbb572d8e25c74ffa6c700a0246d2726,,,deprecated,Not in approved production pool
props,prop_padlock_01,prop_padlock_01.png,assets/props/prop_padlock_01.png,821,5458ec79a11d7c90abe530a4b39d94b39d8cc188dd41201cbd314675778bd790,,,deprecated,Not in approved production pool
props,prop_pearl_earring_01,prop_pearl_earring_01.png,assets/props/prop_pearl_earring_01.png,29465,c982e20bd2fed5140cf390ca5944844f61fad419e83ef625b9df2069dd6f17bb,,,deprecated,Not in approved production pool
props,prop_pearl_necklace_01,prop_pearl_necklace_01.png,assets/props/prop_pearl_necklace_01.png,24084,a948f1f2987ee8c112496216115043760a259aef66fb2ebd849dc6c39de2fb83,,,deprecated,Not in approved production pool
props,prop_pocket_knife_01,prop_pocket_knife_01.png,assets/props/prop_pocket_knife_01.png,532,35d31ce4d23eee4b3c4f947230d7dfef9c493bdda35d2b1a6576cc66763fd58e,,,deprecated,Not in approved production pool
props,prop_pocket_mirror_01,prop_pocket_mirror_01.png,assets/props/prop_pocket_mirror_01.png,14336,2fb673487a4ecb8741c68505326f2fd158d4fd7e46339dedb73c82c3e7accdf7,,,deprecated,Not in approved production pool
props,prop_pocket_sundial_01,prop_pocket_sundial_01.png,assets/props/prop_pocket_sundial_01.png,565,1edcc017ca754a5d54aeeeb04aa5e15273e227846f952490f96b6e12abad9e1b,,,deprecated,Not in approved production pool
props,prop_pocket_watch_01,prop_pocket_watch_01.png,assets/props/prop_pocket_watch_01.png,32162,df60a59b35894030c07d17b3c93acc92cf0abcd33f002014e19518ef0f521c08,,,deprecated,Not in approved production pool
props,prop_pocket_watch_02,prop_pocket_watch_02.png,assets/props/prop_pocket_watch_02.png,20523,d035d96bb7ed2a49b54acae549c5851804efacca95b9d9391829df0daf208d60,,,deprecated,Not in approved production pool
props,prop_powder_box_01,prop_powder_box_01.png,assets/props/prop_powder_box_01.png,25878,89ffa7846a4e571db20db7e4aadc485623f1ce81ce6040819551efca3eb8334d,,,deprecated,Not in approved production pool
props,prop_record_sleeve_corner_01,prop_record_sleeve_corner_01.png,assets/props/prop_record_sleeve_corner_01.png,29879,1ba5573fac385f93497a14609c3246a1380de928ffc3ef71abf82c18ce33f88d,,,deprecated,Not in approved production pool
props,prop_rosary_beads_01,prop_rosary_beads_01.png,assets/props/prop_rosary_beads_01.png,550,68379dc1340272ad154ef2a237543f32db31988ad5d394ec8337e8f83f7220b9,,,deprecated,Not in approved production pool
props,prop_safety_razor_01,prop_safety_razor_01.png,assets/props/prop_safety_razor_01.png,9821,d252bf426495792ba59323698adc92f9039d0c05eda8814c99e09fe24fc0f03a,,,deprecated,Not in approved production pool
props,prop_shot_glass_01,prop_shot_glass_01.png,assets/props/prop_shot_glass_01.png,18283,ce96db1c13214c036676055526c6719afc8b7a228ea00fb34d7c9f4944ca0b06,,,deprecated,Not in approved production pool
props,prop_signet_ring_01,prop_signet_ring_01.png,assets/props/prop_signet_ring_01.png,21492,2ae3e97716223f1c3ec34da23ee4356064e0a3fc1ff0a558c3097c9321999676,,,deprecated,Not in approved production pool
props,prop_small_bottle_01,prop_small_bottle_01.png,assets/props/prop_small_bottle_01.png,19491,a4f3382e5cbe0719ae5df0056f3d1e74040b8d78e59f9d278c73e75d7a4b9ba2,,,deprecated,Not in approved production pool
props,prop_small_jewelry_bag_01,prop_small_jewelry_bag_01.png,assets/props/prop_small_jewelry_bag_01.png,583,5a0e3b7326dc9429c132297ab527993f7d01d1cf73eb4279d462796d7f77e757,,,deprecated,Not in approved production pool
props,prop_snuff_box_01,prop_snuff_box_01.png,assets/props/prop_snuff_box_01.png,788,e02026f3e673a77f830462ee930f81ed6041f8f05eca0ffab0f4d7f9063c6f41,,,deprecated,Not in approved production pool
props,prop_sugar_packet_01,prop_sugar_packet_01.png,assets/props/prop_sugar_packet_01.png,21201,ed7e9d2a57d792c480ba9c8ab545c7b888e7f178549a5c1d103c242d73dcd6ec,,,deprecated,Not in approved production pool
props,prop_thimble_01,prop_thimble_01.png,assets/props/prop_thimble_01.png,668,46b1127d248701244b2c6545d6bc7d67c2319fef88ddf3c0ac14f3f9d1be51f8,,,deprecated,Not in approved production pool
props,prop_vintage_badge_01,prop_vintage_badge_01.png,assets/props/prop_vintage_badge_01.png,907,477c6521a2020243c7c3fd5a900f561a73ca858e42ec4302900e40d45a674594,,,deprecated,Not in approved production pool
props,prop_vintage_barrette_01,prop_vintage_barrette_01.png,assets/props/prop_vintage_barrette_01.png,608,893908253594f2180fc47b184188cea88c451384586bdf47f951a80bdd443674,,,deprecated,Not in approved production pool
props,prop_vintage_bracelet_01,prop_vintage_bracelet_01.png,assets/props/prop_vintage_bracelet_01.png,21994,6828edd3c5ffc215484e0ca901299f48f5e3f0f252951214dd3e7717fc4cb5a3,,,deprecated,Not in approved production pool
props,prop_vintage_bracelet_02,prop_vintage_bracelet_02.png,assets/props/prop_vintage_bracelet_02.png,23686,09d8f88134ecae15981f0f3347020d4cb9c3ac977ca8ac42124bbddc21f5e8d6,,,deprecated,Not in approved production pool
props,prop_vintage_brooch_02,prop_vintage_brooch_02.png,assets/props/prop_vintage_brooch_02.png,24823,1dffb044d3b4de80e8afa6ae64da742a7987d76a8a3ef47aff957ea4b00c5711,,,deprecated,Not in approved production pool
props,prop_vintage_button_01,prop_vintage_button_01.png,assets/props/prop_vintage_button_01.png,31358,d6a9797e725134f99d6f45f2c351ebd431192f5e6b2f42f4d36e6dae3a0ba752,,,deprecated,Not in approved production pool
props,prop_vintage_button_02,prop_vintage_button_02.png,assets/props/prop_vintage_button_02.png,13782,1ac9dcdff951702306646ff5ed28d0d69756f608729acfaec1fc8f3fafc9a62f,,,deprecated,Not in approved production pool
props,prop_vintage_coin_01,prop_vintage_coin_01.png,assets/props/prop_vintage_coin_01.png,462,478c30df4ae14fa89792c8eb4b36768c2f67e0aeff64bce392c1a544b9fae38b,,,deprecated,Not in approved production pool
props,prop_vintage_coin_02,prop_vintage_coin_02.png,assets/props/prop_vintage_coin_02.png,561,2b23e158a4566e08052611169a7d10e61eef19f4d987b6d7cae9adda34ef13a4,,,deprecated,Not in approved production pool
props,prop_vintage_coin_03,prop_vintage_coin_03.png,assets/props/prop_vintage_coin_03.png,810,a4746aeffcaf28c9093d9296e0ebb7588c71923292689686331ada11736ef515,,,deprecated,Not in approved production pool
props,prop_vintage_coin_04,prop_vintage_coin_04.png,assets/props/prop_vintage_coin_04.png,509,4ca3aea454cacfcdb355ba856f56dd4d1c2a175d408a2b4fc6646663a26e9214,,,deprecated,Not in approved production pool
props,prop_vintage_comb_01,prop_vintage_comb_01.png,assets/props/prop_vintage_comb_01.png,21384,ebc436c97e03ae38e69b76a538823eeca790af302b438d46a4897c8c67c73d3f,,,deprecated,Not in approved production pool
props,prop_vintage_cufflink_01,prop_vintage_cufflink_01.png,assets/props/prop_vintage_cufflink_01.png,726,e7bac2cfed6c62a4d523e85d29e36ad36f2c7a0d396f6d32583ffdf3acd6f096,,,deprecated,Not in approved production pool
props,prop_vintage_earring_01,prop_vintage_earring_01.png,assets/props/prop_vintage_earring_01.png,30853,b83a75fd91f373e97f8eda1e2f4da73ca8015252887a017b856ef1d10c4af4a3,,,deprecated,Not in approved production pool
props,prop_vintage_filigree_bracelet_01,prop_vintage_filigree_bracelet_01.png,assets/props/prop_vintage_filigree_bracelet_01.png,18741,6b86cf307ff3ae84d7989fa3a9376acce541d7aaf00a15651c4748707699fd6b,,,deprecated,Not in approved production pool
props,prop_vintage_glass_vial_01,prop_vintage_glass_vial_01.png,assets/props/prop_vintage_glass_vial_01.png,27456,353cc2e99089c544df378be61e9a96db4da89a79cdd1d0164f354cdf227823cc,,,deprecated,Not in approved production pool
props,prop_vintage_glasses_01,prop_vintage_glasses_01.png,assets/props/prop_vintage_glasses_01.png,21637,1f9cb17776fa7c6282125fb7dc8d554990f7befdc7e2a7950cf6e5c985b3d451,,,deprecated,Not in approved production pool
props,prop_vintage_hair_comb_01,prop_vintage_hair_comb_01.png,assets/props/prop_vintage_hair_comb_01.png,506,b39ba4372e0cd78dfc4121943388ed157b3db91965462d8cbc9d1c4814bce77d,,,deprecated,Not in approved production pool
props,prop_vintage_hat_pin_01,prop_vintage_hat_pin_01.png,assets/props/prop_vintage_hat_pin_01.png,20858,f12df50b0f64bd2b7b6833d36df32564cb387d8a9a7f95a278f16d481b71174c,,,deprecated,Not in approved production pool
props,prop_vintage_lighter_01,prop_vintage_lighter_01.png,assets/props/prop_vintage_lighter_01.png,27239,1bac7ddc26ab08073a5e8ef81e7ea18cefa67e3664c6a3b1cf4d730c7ddf57b1,,,deprecated,Not in approved production pool
props,prop_vintage_locket_01,prop_vintage_locket_01.png,assets/props/prop_vintage_locket_01.png,27565,25fd5e1713b591f3202a17e0fe45e5f93ae0196cc5f1902f14ee3c9fa8043f38,,,deprecated,Not in approved production pool
props,prop_vintage_medal_01,prop_vintage_medal_01.png,assets/props/prop_vintage_medal_01.png,633,cb4c77346dd23cb8945516faad40eb527c28788f430da0d8a14e76f57ef3eb7f,,,deprecated,Not in approved production pool
props,prop_vintage_pen_02,prop_vintage_pen_02.png,assets/props/prop_vintage_pen_02.png,31878,320c925e7f9c6c571cef979bde324ae7fb37c291d4fe941abfbeae1ca2233722,,,deprecated,Not in approved production pool
props,prop_vintage_perfume_01,prop_vintage_perfume_01.png,assets/props/prop_vintage_perfume_01.png,18370,bd2e5bdbda8d4bdacc93d54371884fea06fcbcb9da72d9700b3aade4d45011a9,,,deprecated,Not in approved production pool
props,prop_vintage_perfume_02,prop_vintage_perfume_02.png,assets/props/prop_vintage_perfume_02.png,29373,81853a4925afe058e672cbb0c27e300cf45d968246dd1effe2b3add85590a9d3,,,deprecated,Not in approved production pool
props,prop_vintage_perfume_03,prop_vintage_perfume_03.png,assets/props/prop_vintage_perfume_03.png,28496,2181cbc3ed2f6983c7605a854839e6286961711f733cb451e7c8a6869d079dd0,,,deprecated,Not in approved production pool
props,prop_vintage_perfume_04,prop_vintage_perfume_04.png,assets/props/prop_vintage_perfume_04.png,24868,5565f93c46f0791d477abfc70d875120d73e867a5a7f44dda91c372648c66d06,,,deprecated,Not in approved production pool
props,prop_vintage_potion_bottle_01,prop_vintage_potion_bottle_01.png,assets/props/prop_vintage_potion_bottle_01.png,26138,881d372d7f6fa05ab768235916205f484a6c774b09424222d71991a968bd73d4,,,deprecated,Not in approved production pool
props,prop_vintage_ring_01,prop_vintage_ring_01.png,assets/props/prop_vintage_ring_01.png,21798,e3c234119f7effeee781daf897a48e27c0885ec0aaa3ffa429126a303edfab4a,,,deprecated,Not in approved production pool
props,prop_vintage_ring_02,prop_vintage_ring_02.png,assets/props/prop_vintage_ring_02.png,22394,43f32a096fa62528433625f57d9da0810dd74fc6b0c4abd8f7b68502245820af,,,deprecated,Not in approved production pool
props,prop_vintage_ring_03,prop_vintage_ring_03.png,assets/props/prop_vintage_ring_03.png,19847,0385ac2b28c64096a7f81464586f988516a9d1cb011561a7880a020089bb5794,,,deprecated,Not in approved production pool
props,prop_vintage_thimble_02,prop_vintage_thimble_02.png,assets/props/prop_vintage_thimble_02.png,29609,08eea15ef76629fbc9587f377bd8108e6f451fd343e38b37643b01e3c44e1ce8,,,deprecated,Not in approved production pool
props,prop_vintage_tiara_01,prop_vintage_tiara_01.png,assets/props/prop_vintage_tiara_01.png,29353,7a7adf14beee47370c84ec74647c97d1049fc0c5dd23b7c1fc38eabafd36fc18,,,deprecated,Not in approved production pool
props,prop_vintage_tie_pin_01,prop_vintage_tie_pin_01.png,assets/props/prop_vintage_tie_pin_01.png,27752,319195a1ae161a3996e29ec88e6133ee2d581d768de290cda512cf55d3503372,,,deprecated,Not in approved production pool
props,prop_vinyl_label_01,prop_vinyl_label_01.png,assets/props/prop_vinyl_label_01.png,29248,b5c93972d5a3520ecdc255643619b3e46ed134ec67a63c748eb4f3a36283020d,,,deprecated,Not in approved production pool
props,prop_wax_seal_01,prop_wax_seal_01.png,assets/props/prop_wax_seal_01.png,25678,55f3b7645bac46f561d838cdc4db0ccaaa4341bd14ec2513d422aded318dd495,,,deprecated,Not in approved production pool
props,prop_zippo_lighter_01,prop_zippo_lighter_01.png,assets/props/prop_zippo_lighter_01.png,26196,8d791f6ac4dfaa7b43a15c239d870a73d73735a2750f86fb0f02d234f687b8e8,,,deprecated,Not in approved production pool
props_cropped,prop_amber_stone_01,prop_amber_stone_01.png,assets/props_cropped/prop_amber_stone_01.png,21398,d0aacb96238cb4f60ef363715219e1bfce4f4b776e04731079c20481c81c1696,,,deprecated,Not in approved production pool
props_cropped,prop_ashtray_01,prop_ashtray_01.png,assets/props_cropped/prop_ashtray_01.png,26682,de3e3d8e4e5d81865b285a2cd48108ffcd76a144b150764ef5ea84fe9c106e1f,,,deprecated,Not in approved production pool
props_cropped,prop_barcode_sticker_01,prop_barcode_sticker_01.png,assets/props_cropped/prop_barcode_sticker_01.png,27379,c89201e996ea465ba5082ec927523c17e8bbb054d5acc5dd848ea5d2228df488,,,deprecated,Not in approved production pool
props_cropped,prop_bottle_cap_01,prop_bottle_cap_01.png,assets/props_cropped/prop_bottle_cap_01.png,32424,dcd6e9191e6dc05522f4ed59d6fe6be5a70b371cb56b164ab2ae61efad1697fb,,,deprecated,Not in approved production pool
props_cropped,prop_bottle_opener_01,prop_bottle_opener_01.png,assets/props_cropped/prop_bottle_opener_01.png,22997,df943a051d2aaf9f9ff39c1d43c4e867384e2c09c3161ae752e50105e15316a3,,,deprecated,Not in approved production pool
props_cropped,prop_brooch_01,prop_brooch_01.png,assets/props_cropped/prop_brooch_01.png,20659,5062fe9cb680a6ef97f7aef6cc1f4e3652dddfb2a1c5371734ad4518ddf5b016,,,deprecated,Not in approved production pool
props_cropped,prop_cameo_brooch_01,prop_cameo_brooch_01.png,assets/props_cropped/prop_cameo_brooch_01.png,23786,241e3bc0e7cf82cfbb98a8a695d668e8fae75f1775fe881da211e793a7270f55,,,deprecated,Not in approved production pool
props_cropped,prop_chain_fragment_01,prop_chain_fragment_01.png,assets/props_cropped/prop_chain_fragment_01.png,16445,761acb4e4d8626bb448aedd338012791d82da36a7fa32b9be480b165040a7dea,,,deprecated,Not in approved production pool
props_cropped,prop_chatelaine_01,prop_chatelaine_01.png,assets/props_cropped/prop_chatelaine_01.png,12948,cb0163911050a4c6f9a6cd06b5c8ff10a809260722a2d375ebdbdcbb0f437eb2,,,deprecated,Not in approved production pool
props_cropped,prop_cigar_cutter_01,prop_cigar_cutter_01.png,assets/props_cropped/prop_cigar_cutter_01.png,22854,1fce88d0d9e14657429121f5eaf297fb67e0190d25a7826c0ed68dadc18fdf98,,,deprecated,Not in approved production pool
props_cropped,prop_cigarette_01,prop_cigarette_01.png,assets/props_cropped/prop_cigarette_01.png,11366,6d53cfb34ced6e9d47d536cf9ed39c93983912d9c23ccf843577869b2334ea9e,,,deprecated,Not in approved production pool
props_cropped,prop_cloth_napkin_01,prop_cloth_napkin_01.png,assets/props_cropped/prop_cloth_napkin_01.png,23548,50fb6fae730226865df6377d4ae6139b6ba34c79eeb509a1404f102b84898157,,,deprecated,Not in approved production pool
props_cropped,prop_coffee_stirrer_01,prop_coffee_stirrer_01.png,assets/props_cropped/prop_coffee_stirrer_01.png,19209,e170dc923126907fc031dde869e40515d37ee056c99264c6cc5bc1a7c9af3359,,,deprecated,Not in approved production pool
props_cropped,prop_compass_01,prop_compass_01.png,assets/props_cropped/prop_compass_01.png,9921,a9ad425d9ac6997595c2dac86b84525b8f4871c742e71552718d2bd88f953bf9,,,deprecated,Not in approved production pool
props_cropped,prop_crystal_ball_01,prop_crystal_ball_01.png,assets/props_cropped/prop_crystal_ball_01.png,23387,9d61ef790515121850e5731daefde444ff853e81658894268d3694123e656cd8,,,deprecated,Not in approved production pool
props_cropped,prop_dice_01,prop_dice_01.png,assets/props_cropped/prop_dice_01.png,28305,4468d065cc31e92c62713881812d41f755e4fe7e4879a4739896692b2b1326d4,,,deprecated,Not in approved production pool
props_cropped,prop_envelope_corner_01,prop_envelope_corner_01.png,assets/props_cropped/prop_envelope_corner_01.png,9105,c84d2180dd40e44fb10c0e24cfde3670d06d7a737c53c130c4700f787c47c71b,,,deprecated,Not in approved production pool
props_cropped,prop_filigree_collar_01,prop_filigree_collar_01.png,assets/props_cropped/prop_filigree_collar_01.png,26182,0a1fa9086a7d7b251806879e5e4174b4a422cd575257f483c59dcbe3c8746bd6,,,deprecated,Not in approved production pool
props_cropped,prop_fork_01,prop_fork_01.png,assets/props_cropped/prop_fork_01.png,10929,bc0bf572dfdb1ec7d30b0f5a5922010c32f205df8eb3f80b3ba7e0c587b28715,,,deprecated,Not in approved production pool
props_cropped,prop_fountain_pen_01,prop_fountain_pen_01.png,assets/props_cropped/prop_fountain_pen_01.png,23411,5cd530f147c8c5af9469d639a9fa22cebe29f4a2e4b4d040fa700aa79ff9143a,,,deprecated,Not in approved production pool
props_cropped,prop_gas_station_token_01,prop_gas_station_token_01.png,assets/props_cropped/prop_gas_station_token_01.png,10823,8c5f0875f7f1cff1dcc45d09c3bff402b1f9e1377df42907c94fee3d1551e995,,,deprecated,Not in approved production pool
props_cropped,prop_gemstone_pendant_01,prop_gemstone_pendant_01.png,assets/props_cropped/prop_gemstone_pendant_01.png,22499,04b62c3abb2d3379f378999bc23aaa363034bf7af25af540bb8a126d910a5369,,,deprecated,Not in approved production pool
props_cropped,prop_hair_clip_01,prop_hair_clip_01.png,assets/props_cropped/prop_hair_clip_01.png,8046,c8b85fac14aad907774dbd26c9e78c33794740362edf824ef443f0910b8fd159,,,deprecated,Not in approved production pool
props_cropped,prop_hand_mirror_01,prop_hand_mirror_01.png,assets/props_cropped/prop_hand_mirror_01.png,30542,6d79edeb04b0e354a57a46a4dc116e423f09048ce90682a5003ffc042f1e43a9,,,deprecated,Not in approved production pool
props_cropped,prop_jeweled_compact_01,prop_jeweled_compact_01.png,assets/props_cropped/prop_jeweled_compact_01.png,22753,78984c0969c4bbe3d8b77557aa4c7c2fde2621cbcf3104bcbbf86d898f023c49,,,deprecated,Not in approved production pool
props_cropped,prop_keychain_01,prop_keychain_01.png,assets/props_cropped/prop_keychain_01.png,22586,f7c3e4a25f5b65f368d46cdcf415aa239dacf9a99594e514738c3754ce6f8fab,,,deprecated,Not in approved production pool
props_cropped,prop_magnifying_glass_01,prop_magnifying_glass_01.png,assets/props_cropped/prop_magnifying_glass_01.png,24442,c02ec0141b6705f3f351c25dc453fcce81ecdbaf52748e7f5e30c4c31cbc2b5d,,,deprecated,Not in approved production pool
props_cropped,prop_matchbook_01,prop_matchbook_01.png,assets/props_cropped/prop_matchbook_01.png,24970,093ff93680e28f649b7cbb91c0c5e0199e08a55265fca4814a5c165fb13e05d7,,,deprecated,Not in approved production pool
props_cropped,prop_matchbook_motel_01,prop_matchbook_motel_01.png,assets/props_cropped/prop_matchbook_motel_01.png,22279,03f3a2d1af3f14d1d6dea351660a7b27075e77ac5e23553a8ffa744541226474,,,deprecated,Not in approved production pool
props_cropped,prop_monocle_01,prop_monocle_01.png,assets/props_cropped/prop_monocle_01.png,12295,937449c8a7324fb0855c7ba09b5ca66f42cf7f77ead87ee760689320106b24ab,,,deprecated,Not in approved production pool
props_cropped,prop_newspaper_clip_01,prop_newspaper_clip_01.png,assets/props_cropped/prop_newspaper_clip_01.png,29223,99426373b13afbd9239de66557d6e65775d4d1f3308c7fd0101bfaa1aceeba2a,,,deprecated,Not in approved production pool
props_cropped,prop_old_key_01,prop_old_key_01.png,assets/props_cropped/prop_old_key_01.png,24756,3ada9e1e506982d476fa0c70d8b096d75d3ec0397296dba65232b07b5febd3fc,,,deprecated,Not in approved production pool
props_cropped,prop_old_key_02,prop_old_key_02.png,assets/props_cropped/prop_old_key_02.png,32109,f3a7608edd980506763e02dbcfe1b4dd8c2f9e4ec36515690e5b44d11a9ed8a5,,,deprecated,Not in approved production pool
props_cropped,prop_old_key_03,prop_old_key_03.png,assets/props_cropped/prop_old_key_03.png,22713,e6d72a72ed8ffe6f2a2bb9081bf93bdc4b45c4d61987c9187644fbaf0c9afc5e,,,deprecated,Not in approved production pool
props_cropped,prop_opera_glasses_01,prop_opera_glasses_01.png,assets/props_cropped/prop_opera_glasses_01.png,29192,079fd03b9f8c8e0277ea2298bb02ee93dbb572d8e25c74ffa6c700a0246d2726,,,deprecated,Not in approved production pool
props_cropped,prop_padlock_01,prop_padlock_01.png,assets/props_cropped/prop_padlock_01.png,24416,07f40d33469858866594129c9bb03e3af6487787bfaf1fa141d59af8fce39f4c,,,deprecated,Not in approved production pool
props_cropped,prop_pearl_earring_01,prop_pearl_earring_01.png,assets/props_cropped/prop_pearl_earring_01.png,29465,c982e20bd2fed5140cf390ca5944844f61fad419e83ef625b9df2069dd6f17bb,,,deprecated,Not in approved production pool
props_cropped,prop_pearl_necklace_01,prop_pearl_necklace_01.png,assets/props_cropped/prop_pearl_necklace_01.png,24084,a948f1f2987ee8c112496216115043760a259aef66fb2ebd849dc6c39de2fb83,,,deprecated,Not in approved production pool
props_cropped,prop_pocket_knife_01,prop_pocket_knife_01.png,assets/props_cropped/prop_pocket_knife_01.png,7369,1af510fea3f67c748e4ee025c763deb46865c0920fe306071c4e54ff148e9d9a,,,deprecated,Not in approved production pool
props_cropped,prop_pocket_mirror_01,prop_pocket_mirror_01.png,assets/props_cropped/prop_pocket_mirror_01.png,14336,2fb673487a4ecb8741c68505326f2fd158d4fd7e46339dedb73c82c3e7accdf7,,,deprecated,Not in approved production pool
props_cropped,prop_pocket_sundial_01,prop_pocket_sundial_01.png,assets/props_cropped/prop_pocket_sundial_01.png,9850,03efabb961d6d70cf3100ba50ebe3389c125b715e8bb4d422b7b07dc4da34b4c,,,deprecated,Not in approved production pool
props_cropped,prop_pocket_watch_01,prop_pocket_watch_01.png,assets/props_cropped/prop_pocket_watch_01.png,32162,df60a59b35894030c07d17b3c93acc92cf0abcd33f002014e19518ef0f521c08,,,deprecated,Not in approved production pool
props_cropped,prop_pocket_watch_02,prop_pocket_watch_02.png,assets/props_cropped/prop_pocket_watch_02.png,20523,d035d96bb7ed2a49b54acae549c5851804efacca95b9d9391829df0daf208d60,,,deprecated,Not in approved production pool
props_cropped,prop_powder_box_01,prop_powder_box_01.png,assets/props_cropped/prop_powder_box_01.png,25878,89ffa7846a4e571db20db7e4aadc485623f1ce81ce6040819551efca3eb8334d,,,deprecated,Not in approved production pool
props_cropped,prop_record_sleeve_corner_01,prop_record_sleeve_corner_01.png,assets/props_cropped/prop_record_sleeve_corner_01.png,29096,f720582288e3e1288eae2a10f094fe97767a86276138ab817392e377efa4c3e5,,,deprecated,Not in approved production pool
props_cropped,prop_rosary_beads_01,prop_rosary_beads_01.png,assets/props_cropped/prop_rosary_beads_01.png,13783,e581555cf703d245b9d9b26cd78c097fcbc6c69f898cd12ee80e8dd848be5505,,,deprecated,Not in approved production pool
props_cropped,prop_safety_razor_01,prop_safety_razor_01.png,assets/props_cropped/prop_safety_razor_01.png,16170,d90f868465338120faadad68480eb96e9bd83225455a27955122a12b0fb1cb43,,,deprecated,Not in approved production pool
props_cropped,prop_shot_glass_01,prop_shot_glass_01.png,assets/props_cropped/prop_shot_glass_01.png,18283,ce96db1c13214c036676055526c6719afc8b7a228ea00fb34d7c9f4944ca0b06,,,deprecated,Not in approved production pool
props_cropped,prop_signet_ring_01,prop_signet_ring_01.png,assets/props_cropped/prop_signet_ring_01.png,21492,2ae3e97716223f1c3ec34da23ee4356064e0a3fc1ff0a558c3097c9321999676,,,deprecated,Not in approved production pool
props_cropped,prop_small_bottle_01,prop_small_bottle_01.png,assets/props_cropped/prop_small_bottle_01.png,14631,c9a9c15b4b2831559d1154983b03d86c0798fc6f525ba9d1ef5a42bbccc19c29,,,deprecated,Not in approved production pool
props_cropped,prop_small_jewelry_bag_01,prop_small_jewelry_bag_01.png,assets/props_cropped/prop_small_jewelry_bag_01.png,23061,e57382edd93e3b0bc9a51e8c43c143140f753363c830d68f7c28a132e3669e79,,,deprecated,Not in approved production pool
props_cropped,prop_snuff_box_01,prop_snuff_box_01.png,assets/props_cropped/prop_snuff_box_01.png,28165,56e2532d03499f532e6d7cde20ff86c96d964dd2a26d21783af939b37498526a,,,deprecated,Not in approved production pool
props_cropped,prop_sugar_packet_01,prop_sugar_packet_01.png,assets/props_cropped/prop_sugar_packet_01.png,26916,549e20f79c56fa1af6640ec739f488b87183861f3952fc672a490bebf12e06b9,,,deprecated,Not in approved production pool
props_cropped,prop_thimble_01,prop_thimble_01.png,assets/props_cropped/prop_thimble_01.png,14724,212da66f7d4b0f17c0ac2ba6a7e3ef73a5e2683751e3ec1314ae5d2eb412a6de,,,deprecated,Not in approved production pool
props_cropped,prop_vintage_badge_01,prop_vintage_badge_01.png,assets/props_cropped/prop_vintage_badge_01.png,20465,35a9f53a36360f8a33579754130672bc48437901c4e3677bea06fc2754dbf9c6,,,deprecated,Not in approved production pool
props_cropped,prop_vintage_barrette_01,prop_vintage_barrette_01.png,assets/props_cropped/prop_vintage_barrette_01.png,12034,ff7709655ea7bf300c62fe0c9a99ec503816411d19df11de48b759f3d248e200,,,deprecated,Not in approved production pool
props_cropped,prop_vintage_bracelet_01,prop_vintage_bracelet_01.png,assets/props_cropped/prop_vintage_bracelet_01.png,21994,6828edd3c5ffc215484e0ca901299f48f5e3f0f252951214dd3e7717fc4cb5a3,,,deprecated,Not in approved production pool
props_cropped,prop_vintage_bracelet_02,prop_vintage_bracelet_02.png,assets/props_cropped/prop_vintage_bracelet_02.png,23686,09d8f88134ecae15981f0f3347020d4cb9c3ac977ca8ac42124bbddc21f5e8d6,,,deprecated,Not in approved production pool
props_cropped,prop_vintage_brooch_02,prop_vintage_brooch_02.png,assets/props_cropped/prop_vintage_brooch_02.png,24823,1dffb044d3b4de80e8afa6ae64da742a7987d76a8a3ef47aff957ea4b00c5711,,,deprecated,Not in approved production pool
props_cropped,prop_vintage_button_01,prop_vintage_button_01.png,assets/props_cropped/prop_vintage_button_01.png,31358,d6a9797e725134f99d6f45f2c351ebd431192f5e6b2f42f4d36e6dae3a0ba752,,,deprecated,Not in approved production pool
props_cropped,prop_vintage_button_02,prop_vintage_button_02.png,assets/props_cropped/prop_vintage_button_02.png,13782,1ac9dcdff951702306646ff5ed28d0d69756f608729acfaec1fc8f3fafc9a62f,,,deprecated,Not in approved production pool
props_cropped,prop_vintage_coin_01,prop_vintage_coin_01.png,assets/props_cropped/prop_vintage_coin_01.png,15604,865cf3ad6ebf1aeae7fd7bbed05d97efadfa1e54ecd162052db2c1dd30055b72,,,deprecated,Not in approved production pool
props_cropped,prop_vintage_coin_02,prop_vintage_coin_02.png,assets/props_cropped/prop_vintage_coin_02.png,9045,40d7294d1cd081ac079fc00dc2dfccc3774f65ad1c00149172d015e9470a3ec3,,,deprecated,Not in approved production pool
props_cropped,prop_vintage_coin_03,prop_vintage_coin_03.png,assets/props_cropped/prop_vintage_coin_03.png,27960,07b8dfb9031349c5fe2ad15083efdd522fae836779868656a2cc619108b41387,,,deprecated,Not in approved production pool
props_cropped,prop_vintage_coin_04,prop_vintage_coin_04.png,assets/props_cropped/prop_vintage_coin_04.png,24587,ffcf5a09fdde3d3785367fcd6a46e7cc483f290af2a350aa496ede2c3f2cfabf,,,deprecated,Not in approved production pool
props_cropped,prop_vintage_comb_01,prop_vintage_comb_01.png,assets/props_cropped/prop_vintage_comb_01.png,19674,19429e73d54497a593a86ec7e6bfb8e73229e30afd207c6a4bce6f874808ca6a,,,deprecated,Not in approved production pool
props_cropped,prop_vintage_cufflink_01,prop_vintage_cufflink_01.png,assets/props_cropped/prop_vintage_cufflink_01.png,24328,e62f55e9050b27c081b8da8eb358cde39c6aea2422b715858a7347cd8bfad35f,,,deprecated,Not in approved production pool
props_cropped,prop_vintage_earring_01,prop_vintage_earring_01.png,assets/props_cropped/prop_vintage_earring_01.png,30853,b83a75fd91f373e97f8eda1e2f4da73ca8015252887a017b856ef1d10c4af4a3,,,deprecated,Not in approved production pool
props_cropped,prop_vintage_filigree_bracelet_01,prop_vintage_filigree_bracelet_01.png,assets/props_cropped/prop_vintage_filigree_bracelet_01.png,18741,6b86cf307ff3ae84d7989fa3a9376acce541d7aaf00a15651c4748707699fd6b,,,deprecated,Not in approved production pool
props_cropped,prop_vintage_glass_vial_01,prop_vintage_glass_vial_01.png,assets/props_cropped/prop_vintage_glass_vial_01.png,27456,353cc2e99089c544df378be61e9a96db4da89a79cdd1d0164f354cdf227823cc,,,deprecated,Not in approved production pool
props_cropped,prop_vintage_glasses_01,prop_vintage_glasses_01.png,assets/props_cropped/prop_vintage_glasses_01.png,21637,1f9cb17776fa7c6282125fb7dc8d554990f7befdc7e2a7950cf6e5c985b3d451,,,deprecated,Not in approved production pool
props_cropped,prop_vintage_hair_comb_01,prop_vintage_hair_comb_01.png,assets/props_cropped/prop_vintage_hair_comb_01.png,23809,44623e092d9c05adc2413fc48f0523b85c38b74d738dba001a115c1524d1d3a3,,,deprecated,Not in approved production pool
props_cropped,prop_vintage_hat_pin_01,prop_vintage_hat_pin_01.png,assets/props_cropped/prop_vintage_hat_pin_01.png,20858,f12df50b0f64bd2b7b6833d36df32564cb387d8a9a7f95a278f16d481b71174c,,,deprecated,Not in approved production pool
props_cropped,prop_vintage_lighter_01,prop_vintage_lighter_01.png,assets/props_cropped/prop_vintage_lighter_01.png,27239,1bac7ddc26ab08073a5e8ef81e7ea18cefa67e3664c6a3b1cf4d730c7ddf57b1,,,deprecated,Not in approved production pool
props_cropped,prop_vintage_locket_01,prop_vintage_locket_01.png,assets/props_cropped/prop_vintage_locket_01.png,27565,25fd5e1713b591f3202a17e0fe45e5f93ae0196cc5f1902f14ee3c9fa8043f38,,,deprecated,Not in approved production pool
props_cropped,prop_vintage_medal_01,prop_vintage_medal_01.png,assets/props_cropped/prop_vintage_medal_01.png,18675,5f2d7b8845b6389f776064a9faf48250c3548b3566937a59bf114e55d8a0b5ce,,,deprecated,Not in approved production pool
props_cropped,prop_vintage_pen_02,prop_vintage_pen_02.png,assets/props_cropped/prop_vintage_pen_02.png,31878,320c925e7f9c6c571cef979bde324ae7fb37c291d4fe941abfbeae1ca2233722,,,deprecated,Not in approved production pool
props_cropped,prop_vintage_perfume_01,prop_vintage_perfume_01.png,assets/props_cropped/prop_vintage_perfume_01.png,18370,bd2e5bdbda8d4bdacc93d54371884fea06fcbcb9da72d9700b3aade4d45011a9,,,deprecated,Not in approved production pool
props_cropped,prop_vintage_perfume_02,prop_vintage_perfume_02.png,assets/props_cropped/prop_vintage_perfume_02.png,29373,81853a4925afe058e672cbb0c27e300cf45d968246dd1effe2b3add85590a9d3,,,deprecated,Not in approved production pool
props_cropped,prop_vintage_perfume_03,prop_vintage_perfume_03.png,assets/props_cropped/prop_vintage_perfume_03.png,28496,2181cbc3ed2f6983c7605a854839e6286961711f733cb451e7c8a6869d079dd0,,,deprecated,Not in approved production pool
props_cropped,prop_vintage_perfume_04,prop_vintage_perfume_04.png,assets/props_cropped/prop_vintage_perfume_04.png,24868,5565f93c46f0791d477abfc70d875120d73e867a5a7f44dda91c372648c66d06,,,deprecated,Not in approved production pool
props_cropped,prop_vintage_potion_bottle_01,prop_vintage_potion_bottle_01.png,assets/props_cropped/prop_vintage_potion_bottle_01.png,26138,881d372d7f6fa05ab768235916205f484a6c774b09424222d71991a968bd73d4,,,deprecated,Not in approved production pool
props_cropped,prop_vintage_ring_01,prop_vintage_ring_01.png,assets/props_cropped/prop_vintage_ring_01.png,21798,e3c234119f7effeee781daf897a48e27c0885ec0aaa3ffa429126a303edfab4a,,,deprecated,Not in approved production pool
props_cropped,prop_vintage_ring_02,prop_vintage_ring_02.png,assets/props_cropped/prop_vintage_ring_02.png,22394,43f32a096fa62528433625f57d9da0810dd74fc6b0c4abd8f7b68502245820af,,,deprecated,Not in approved production pool
props_cropped,prop_vintage_ring_03,prop_vintage_ring_03.png,assets/props_cropped/prop_vintage_ring_03.png,19847,0385ac2b28c64096a7f81464586f988516a9d1cb011561a7880a020089bb5794,,,deprecated,Not in approved production pool
props_cropped,prop_vintage_thimble_02,prop_vintage_thimble_02.png,assets/props_cropped/prop_vintage_thimble_02.png,29609,08eea15ef76629fbc9587f377bd8108e6f451fd343e38b37643b01e3c44e1ce8,,,deprecated,Not in approved production pool
props_cropped,prop_vintage_tiara_01,prop_vintage_tiara_01.png,assets/props_cropped/prop_vintage_tiara_01.png,29353,7a7adf14beee47370c84ec74647c97d1049fc0c5dd23b7c1fc38eabafd36fc18,,,deprecated,Not in approved production pool
props_cropped,prop_vintage_tie_pin_01,prop_vintage_tie_pin_01.png,assets/props_cropped/prop_vintage_tie_pin_01.png,27752,319195a1ae161a3996e29ec88e6133ee2d581d768de290cda512cf55d3503372,,,deprecated,Not in approved production pool
props_cropped,prop_vinyl_label_01,prop_vinyl_label_01.png,assets/props_cropped/prop_vinyl_label_01.png,29864,94012b687e18d99b55878f88704061c9cc4f50b3de8df8347041a2c4d01157ef,,,deprecated,Not in approved production pool
props_cropped,prop_wax_seal_01,prop_wax_seal_01.png,assets/props_cropped/prop_wax_seal_01.png,25678,55f3b7645bac46f561d838cdc4db0ccaaa4341bd14ec2513d422aded318dd495,,,deprecated,Not in approved production pool
props_cropped,prop_zippo_lighter_01,prop_zippo_lighter_01.png,assets/props_cropped/prop_zippo_lighter_01.png,26196,8d791f6ac4dfaa7b43a15c239d870a73d73735a2750f86fb0f02d234f687b8e8,,,deprecated,Not in approved production pool
damage,DMG_COFFEE_RING_01,damage_coffee_ring_01.png,assets/damage/damage_coffee_ring_01.png,18147,a5280d528aedb539dcd1c56479edc87ae56cdb73f793d8983cecd1baf28d2fed,Midnight Diner|Sunset Mart,Common,approved,used by approved_0100
damage,DMG_COFFEE_RING_02,damage_coffee_ring_02.png,assets/damage/damage_coffee_ring_02.png,6069,9d538b19a7f544ead9cd4c65d0bba2dd84884ae34dfeb490f897024d7d8bd0c4,Midnight Diner,Uncommon,approved,used by approved_0100
damage,DMG_COFFEE_RING_03,damage_coffee_ring_03.png,assets/damage/damage_coffee_ring_03.png,9914,ad30f9c971ade46a9bd853fc159cbceed52dc71e2b3b9d2df3d6f1d036d0edc3,Midnight Diner|Sunset Mart,Common|Rare,approved,used by approved_0100
damage,DMG_CORNER_CURL_01,damage_corner_curl_01.png,assets/damage/damage_corner_curl_01.png,4543,fa63a109a0e601450f8a20f48617930c38ab6ec8e2a1fadcfc3acabc6d4c7a80,Lucky 8 Gas & Motel|Midnight Diner|Side B Records|Token Pawn,Common|Rare|Uncommon,approved,used by approved_0100
damage,DMG_DUST_SPECKS_01,damage_dust_specks_01.png,assets/damage/damage_dust_specks_01.png,8914,c9ce6f616232c2150d287cf94a4c5e9b34e184427398e61285d865e3fc1ba79a,Night Owl Video|Side B Records|Token Pawn,Common|Ultra Rare|Uncommon,approved,used by approved_0100
damage,DMG_DUST_SPECKS_02,damage_dust_specks_02.png,assets/damage/damage_dust_specks_02.png,8551,1acf1f1653b3ddd4a0843343054ab9bcb30ed5e5e14a12a6a85e42e7d1fe4755,Midnight Diner|Side B Records|Sunset Mart,Common|Uncommon,approved,used by approved_0100
damage,DMG_EDGE_WEAR_01,damage_edge_wear_01.png,assets/damage/damage_edge_wear_01.png,4144,265149d454822c2c808720c61f5a4317c0bfda56fc96598ea7b19b6ea52c5dd1,Lucky 8 Gas & Motel|Night Owl Video|Side B Records|Sunset Mart|Token Pawn,Common|Rare|Uncommon,approved,used by approved_0100
damage,DMG_EDGE_WEAR_02,damage_edge_wear_02.png,assets/damage/damage_edge_wear_02.png,5156,8f3a1a2028d54f814c3edeb1dd9b556a354d474090d205b852f02cf2ef80f261,Lucky 8 Gas & Motel|Midnight Diner|Night Owl Video|Side B Records|Sunset Mart,Common|Legendary|Rare|Uncommon,approved,used by approved_0100
damage,DMG_FOLD_01,damage_fold_01.png,assets/damage/damage_fold_01.png,6904,a43122be9a763a5d4d01b7f6247edd14d73a83b0f229c9e1b31ead1bc229fa34,Lucky 8 Gas & Motel|Midnight Diner|Side B Records|Sunset Mart|Token Pawn,Common|Rare|Uncommon,approved,used by approved_0100
damage,DMG_FOLD_02,damage_fold_02.png,assets/damage/damage_fold_02.png,5784,b64b158ff71f9d3d2e717f97462998b728275e757d83885f0b729f24af322432,Lucky 8 Gas & Motel|Midnight Diner|Night Owl Video|Side B Records|Token Pawn,Common|Rare|Uncommon,approved,used by approved_0100
damage,DMG_FOLD_03,damage_fold_03.png,assets/damage/damage_fold_03.png,10414,a7ccd9acb52c32450844b4a673c43e36c6af2a3ec64e55c2120eba58ea95f6a6,Midnight Diner|Night Owl Video|Side B Records|Token Pawn,Common|Legendary|Rare|Uncommon,approved,used by approved_0100
damage,DMG_SCAN_NOISE_01,damage_scan_noise_01.png,assets/damage/damage_scan_noise_01.png,5117,b9eac45577f3cdb04497c2d095e6b60d11f5556378486acaf1e418945cafc304,Night Owl Video,Common,approved,used by approved_0100
damage,DMG_SCAN_NOISE_02,damage_scan_noise_02.png,assets/damage/damage_scan_noise_02.png,4835,a8fc4a635e103a4298fc95d400b3b152b1680094a53e4ae2122f331e9ffd2b8c,Night Owl Video,Uncommon,approved,used by approved_0100
damage,damage_small_tear_01,damage_small_tear_01.png,assets/damage/damage_small_tear_01.png,4246,2b4e425fd050bb50b3b91608a9aa95a61d5a05b8a16bcb7b5be5af26430bc9f9,,,deprecated,Not in approved production pool
damage,DMG_TAPE_01,damage_tape_01.png,assets/damage/damage_tape_01.png,4675,9279797c0620a479cf9ae97ded444ca826f4e1de0fad9c479f1d8c67ed98102b,Night Owl Video|Token Pawn,Uncommon,approved,used by approved_0100
damage,DMG_TAPE_02,damage_tape_02.png,assets/damage/damage_tape_02.png,4916,1925cb9fbf9a252b8c892cb23b9cf27ded65780050549bd55ed8a09376fa9792,Side B Records,Uncommon,approved,used by approved_0100
damage,DMG_THERMAL_FADE_01,damage_thermal_fade_01.png,assets/damage/damage_thermal_fade_01.png,6166,33a22c7c0c1fd01a46400ce49176aecd2161bd686246d21347f4575dd665a3ec,Midnight Diner|Night Owl Video|Sunset Mart,Common|Legendary|Uncommon,approved,used by approved_0100
damage,DMG_WATER_STAIN_01,damage_water_stain_01.png,assets/damage/damage_water_stain_01.png,19062,1d4282eb100b4e36d2c49395aa6968b2e46001d077ce9ef6c91ab2fd506de4ee,Lucky 8 Gas & Motel|Sunset Mart,Common|Uncommon,approved,used by approved_0100
damage,DMG_WATER_STAIN_02,damage_water_stain_02.png,assets/damage/damage_water_stain_02.png,5760,009453255bf45e246dd98abc0e10d0d402f6800970c8e3ea894586c684890ad9,Lucky 8 Gas & Motel|Sunset Mart,Common,approved,used by approved_0100
damage,DMG_WATER_STAIN_03,damage_water_stain_03.png,assets/damage/damage_water_stain_03.png,10622,8aedb04ed61c28ddda44abba7eae68b54f3fb877c5aa930b59e3c76b00c32836,Lucky 8 Gas & Motel,Common,approved,used by approved_0100
overlays,OVERLAY_ARCHIVE_YELLOWING_01,overlay_archive_yellowing_01.png,assets/overlays/overlay_archive_yellowing_01.png,195441,3832521d20f2d0542c3bbb8f2f819c76f1e5477acb7287f785d5cfa0359f1676,Midnight Diner|Sunset Mart|Token Pawn,Common|Rare,approved,used by approved_0100
overlays,overlay_crt_grain_01,overlay_crt_grain_01.png,assets/overlays/overlay_crt_grain_01.png,6344,acd321843abd9fc9a47dc47e6193f3e245617f6de6f6d3aaee28354e62863355,,,deprecated,Not in approved production pool
overlays,overlay_crt_grain_02,overlay_crt_grain_02.png,assets/overlays/overlay_crt_grain_02.png,217908,1d458ada72e580a0bbda97c22760a54aeae6e960c662e6903a9acc20a92328fc,,,deprecated,Not in approved production pool
overlays,OVERLAY_DUST_01,overlay_dust_01.png,assets/overlays/overlay_dust_01.png,7708,7a473a555b45bade269f430999cffc240c02cc5856dfcf00eccbd5c2efd89c89,Lucky 8 Gas & Motel|Midnight Diner|Night Owl Video|Side B Records|Sunset Mart|Token Pawn,Common|Legendary|Rare|Uncommon,approved,used by approved_0100
overlays,OVERLAY_DUST_02,overlay_dust_02.png,assets/overlays/overlay_dust_02.png,7088,b4584e3cb4b9e6b0b429ffe746e92716f55cd4178b455dd665f7d4424cc4a204,Lucky 8 Gas & Motel|Night Owl Video|Side B Records|Sunset Mart|Token Pawn,Common|Uncommon,approved,used by approved_0100
overlays,OVERLAY_FADED_INK_01,overlay_faded_ink_01.png,assets/overlays/overlay_faded_ink_01.png,6474,8f56af46748520a5af0f463dacaed21b5f8cc9214658aa9d7773964038243026,Midnight Diner|Night Owl Video|Side B Records|Sunset Mart,Common|Rare|Uncommon,approved,used by approved_0100
overlays,OVERLAY_FILM_GRAIN_01,overlay_film_grain_01.png,assets/overlays/overlay_film_grain_01.png,836388,a0ccf6a2f60ff5995a86db5365ce3e52ed8fbc133ac3757caa138ef6cdc12add,Lucky 8 Gas & Motel|Midnight Diner|Night Owl Video|Side B Records|Sunset Mart,Common|Legendary|Uncommon,approved,used by approved_0100
overlays,OVERLAY_FILM_GRAIN_02,overlay_film_grain_02.png,assets/overlays/overlay_film_grain_02.png,1568237,eefc584159428602d3abaf4b39bb26677bc1435f5e7bec8a54a71374ca0a6d49,Midnight Diner|Night Owl Video|Side B Records|Token Pawn,Common|Legendary|Rare|Ultra Rare,approved,used by approved_0100
overlays,overlay_glass_glare_01,overlay_glass_glare_01.png,assets/overlays/overlay_glass_glare_01.png,7062,db67ac957cd70e22c88797e88a7bb30902ab139feb69ac5ba90f893a462391b8,,,deprecated,Not in approved production pool
overlays,overlay_glass_glare_02,overlay_glass_glare_02.png,assets/overlays/overlay_glass_glare_02.png,11713,02d8c54ef3a476b181b04beba0f6484348bdedcd7be4090d86fee9c0c80a7e1a,,,deprecated,Not in approved production pool
overlays,overlay_rain_glow_01,overlay_rain_glow_01.png,assets/overlays/overlay_rain_glow_01.png,19072,1ed1234b1bbc5d4a15120f68d74425326e9b1395605353cc0237d228a04c787f,,,deprecated,Not in approved production pool
overlays,overlay_rain_glow_02,overlay_rain_glow_02.png,assets/overlays/overlay_rain_glow_02.png,25553,80a51095a2a08e06d30c6b6882a487923c05184d783fa2f8f3bbc0ab2cb7feca,,,deprecated,Not in approved production pool
overlays,OVERLAY_SCAN_NOISE_01,overlay_scan_noise_01.png,assets/overlays/overlay_scan_noise_01.png,8734,0b0b162001b2002b14c0b9c62828a6ded5a016a6fc029257b221adb6b4d5d329,Lucky 8 Gas & Motel|Midnight Diner|Night Owl Video|Token Pawn,Common|Rare|Uncommon,approved,used by approved_0100
overlays,OVERLAY_SCAN_NOISE_02,overlay_scan_noise_02.png,assets/overlays/overlay_scan_noise_02.png,67949,67c56acf65a3b48441fec83736a1809a089cda51823ae9c2bd611158f5ecc316,Lucky 8 Gas & Motel|Night Owl Video|Side B Records|Sunset Mart|Token Pawn,Common|Rare|Uncommon,approved,used by approved_0100
overlays,OVERLAY_SOFT_VIGNETTE_01,overlay_soft_vignette_01.png,assets/overlays/overlay_soft_vignette_01.png,13243,2cd28b67ed083f4bf360342a994e2860844b2a3ae9f09bf772f248761f9f3e65,Lucky 8 Gas & Motel|Midnight Diner,Common|Legendary|Rare|Uncommon,approved,used by approved_0100
material_pattern,mat_black_gold_receipt_01,mat_black_gold_receipt_01.png,assets/material_pattern/mat_black_gold_receipt_01.png,17648,03a69e82047b5794f9dedf802480bce9007aa3bb45f6e3cf4efa0853d32901fc,,,deprecated,Not in approved production pool
material_pattern,MAT_CHROME_EDGE_01,mat_chrome_edge_01.png,assets/material_pattern/mat_chrome_edge_01.png,5907,cc486ea842ba6a778fb54e17a51f56c52ee8742d5c334fe559eebdd31628bdde,Lucky 8 Gas & Motel,Legendary,approved,used by approved_0100
material_pattern,MAT_FROSTED_RECEIPT_01,mat_frosted_receipt_01.png,assets/material_pattern/mat_frosted_receipt_01.png,230403,1b31eef01f0cd222c8686a01cb64f8e5ec5282feae6bd739aa7c92aaae16c045,Night Owl Video,Uncommon,approved,used by approved_0100
material_pattern,MAT_GLASS_ARCHIVE_01,mat_glass_archive_01.png,assets/material_pattern/mat_glass_archive_01.png,6904,07a8cf665909df913e76ad425daf4b79c76b0b291308ef05008a022d9c349099,Side B Records,Legendary,approved,used by approved_0100
material_pattern,MAT_GLOW_INK_01,mat_glow_ink_01.png,assets/material_pattern/mat_glow_ink_01.png,16650,94c99a1c3cb9e89ef1b4e11cb9d5b7b38f1fe28f12501c76576a3cd81d2fabf2,Midnight Diner|Night Owl Video|Side B Records,Rare|Uncommon,approved,used by approved_0100
material_pattern,mat_holographic_receipt_01,mat_holographic_receipt_01.png,assets/material_pattern/mat_holographic_receipt_01.png,243038,21125d6fc26ed98dc9e9deb4dac6a5b73468e1c546274e44926d92e28790727e,,,deprecated,Not in approved production pool
material_pattern,MAT_SILVER_FOIL_RECEIPT_01,mat_silver_foil_receipt_01.png,assets/material_pattern/mat_silver_foil_receipt_01.png,15102,b3ee7db10584e0f8655db153311e469673aa4ab2cb8c730edba5f96edd476bb0,Midnight Diner,Legendary,approved,used by approved_0100
material_pattern,MAT_TRANSPARENT_RECEIPT_01,mat_transparent_receipt_01.png,assets/material_pattern/mat_transparent_receipt_01.png,205487,f8c3ed9aeffbfb6b6e2681f648151c160bb5ce6b206974b7ca59d091f4a43d78,Lucky 8 Gas & Motel|Midnight Diner,Uncommon,approved,used by approved_0100
material_pattern,PAT_GOLD_FLECK_01,pat_gold_fleck_01.png,assets/material_pattern/pat_gold_fleck_01.png,13906,dd4a0fb958ff01f6726c32eacbee059cca9dbf3e239b9bd0971e280680b9fbc9,Token Pawn,Uncommon,approved,used by approved_0100
material_pattern,PAT_HOLO_GRID_01,pat_holo_grid_01.png,assets/material_pattern/pat_holo_grid_01.png,7601,b6d3cb5f953f219eee031339f9a731e6f942cfc54208a2a950cc1b3de43b9c32,Night Owl Video|Sunset Mart,Rare|Uncommon,approved,used by approved_0100
material_pattern,pat_iridescent_wave_01,pat_iridescent_wave_01.png,assets/material_pattern/pat_iridescent_wave_01.png,173057,a42529ea6a629cf3af3713cb4a4f05308102309e8f9814609cee0f350b30bf5c,,,deprecated,Not in approved production pool
material_pattern,PAT_LEOPARD_01,pat_leopard_01.png,assets/material_pattern/pat_leopard_01.png,16387,53e1766d7e757112510d41c7b0014c08d05a39c02c6d59aa43c978355c305842,Sunset Mart,Legendary,approved,used by approved_0100
material_pattern,pat_security_print_01,pat_security_print_01.png,assets/material_pattern/pat_security_print_01.png,21991,9895150a5308bdf75a1b9a283d18af88d888ce3bba67ad242d3aee6d31044493,,,deprecated,Not in approved production pool
material_pattern,PAT_SNAKESKIN_01,pat_snakeskin_01.png,assets/material_pattern/pat_snakeskin_01.png,196185,7060b9488425b46bbca982295710b4e3846ce5431c7d64b568325dd92b192747,Midnight Diner|Token Pawn,Rare|Ultra Rare,approved,used by approved_0100
legendary_accent,overlay_crystal_spark_01,overlay_crystal_spark_01.png,assets/legendary_accent/overlay_crystal_spark_01.png,15893,31ced984cc7ea203ba55fd4277ba77f5bf10999c500ea1fe47d458842a43ce12,,,deprecated,Not in approved production pool
legendary_accent,overlay_gold_dust_01,overlay_gold_dust_01.png,assets/legendary_accent/overlay_gold_dust_01.png,53949,9e55454a8c68cccb28e29e1d8ae71ae6ad6cc3cc59eb163243fb2075d08d1d20,,,deprecated,Not in approved production pool
legendary_accent,overlay_holo_prism_01,overlay_holo_prism_01.png,assets/legendary_accent/overlay_holo_prism_01.png,991301,b91d4025cc79e1554bb967e20637fdf0836d149a1dd5e9d41a1e9a874dd24c55,,,deprecated,Not in approved production pool
legendary_accent,overlay_iridescent_glow_01,overlay_iridescent_glow_01.png,assets/legendary_accent/overlay_iridescent_glow_01.png,89357,261e96375549e3d2d91c9d2733e4a90e519a52844552c9eadf73ca6191f15bbd,,,deprecated,Not in approved production pool
legendary_accent,overlay_luxe_vignette_01,overlay_luxe_vignette_01.png,assets/legendary_accent/overlay_luxe_vignette_01.png,32804,8a4d130ce5d61f3c4691d2037bcf14d7a4cec0473a681c3f4c2f4470c68b9f8e,,,deprecated,Not in approved production pool
legendary_accent,overlay_neon_archive_01,overlay_neon_archive_01.png,assets/legendary_accent/overlay_neon_archive_01.png,5877,9ea1f1ecd829215c9e7ab44f63348e50c8a2bc898a599528030afbd906db59c7,,,deprecated,Not in approved production pool
legendary_accent,overlay_rainbow_foil_01,overlay_rainbow_foil_01.png,assets/legendary_accent/overlay_rainbow_foil_01.png,9935,067cd6a41f1bc240f8aaae1a54c8ddeb76bb44d4996e0f88e5086d07ae150aea,,,deprecated,Not in approved production pool
legendary_accent,overlay_ultra_rare_shimmer_01,overlay_ultra_rare_shimmer_01.png,assets/legendary_accent/overlay_ultra_rare_shimmer_01.png,101845,fd73883475009e4e59f097df1dca6a7d7e2de5acee89293c917460c26205a914,,,deprecated,Not in approved production pool
legendary_accent,prop_acrylic_token_01,prop_acrylic_token_01.png,assets/legendary_accent/prop_acrylic_token_01.png,71592,78543f653e3e48e7b99b92ddad069dc34d74b209e47f9f74d881c2091e6e7fd7,,,deprecated,Not in approved production pool
legendary_accent,prop_chain_luxe_01,prop_chain_luxe_01.png,assets/legendary_accent/prop_chain_luxe_01.png,114201,30b67f91e1233669fc5090085f28027711a4da02d9f43158914f90a057387b77,,,deprecated,Not in approved production pool
legendary_accent,prop_crown_chrome_01,prop_crown_chrome_01.png,assets/legendary_accent/prop_crown_chrome_01.png,95523,9dfc71527731937768d71fecfa16b7d6e4d54778b57bf4f6e126677ff6cb52ce,,,deprecated,Not in approved production pool
legendary_accent,prop_crown_gold_01,prop_crown_gold_01.png,assets/legendary_accent/prop_crown_gold_01.png,66396,f827a4d27336ff164029906b3060be2fd00ab9e98b57cd535cf90f01e60b538e,,,deprecated,Not in approved production pool
legendary_accent,prop_crystal_shard_01,prop_crystal_shard_01.png,assets/legendary_accent/prop_crystal_shard_01.png,78791,cc167d69f0cf5aec929b24fa32b7e31491970f650dfc65caf5356f9b6b1f25f1,,,deprecated,Not in approved production pool
legendary_accent,prop_diamond_clip_01,prop_diamond_clip_01.png,assets/legendary_accent/prop_diamond_clip_01.png,103153,60db82525fb89b0450ffce1b7bfd9a066e4958fd657c1f61383b5a41d28a1eee,,,deprecated,Not in approved production pool
legendary_accent,prop_gem_badge_01,prop_gem_badge_01.png,assets/legendary_accent/prop_gem_badge_01.png,129072,11a843fafd563d29e12abaaacd420a0f57bbc6a37da84616e388e9bff73de9f9,,,deprecated,Not in approved production pool
legendary_accent,prop_holo_seal_01,prop_holo_seal_01.png,assets/legendary_accent/prop_holo_seal_01.png,54591,01fbd7ae54eeedbe758f2bfabb911616a3e55762f6965624d4ac6a5684d7f030,,,deprecated,Not in approved production pool
legendary_accent,prop_laser_sticker_01,prop_laser_sticker_01.png,assets/legendary_accent/prop_laser_sticker_01.png,112414,2124a9cdf240513ff1f3eace8320638a2e384847b7a5259e37dce9bccf4a89f2,,,deprecated,Not in approved production pool
legendary_accent,prop_pearl_tag_01,prop_pearl_tag_01.png,assets/legendary_accent/prop_pearl_tag_01.png,110040,98d48264cc125118eaf678279edd3300b9e4596a235248791e4cef864cab4312,,,deprecated,Not in approved production pool
legendary_accent_cropped,prop_acrylic_token_01,prop_acrylic_token_01.png,assets/legendary_accent_cropped/prop_acrylic_token_01.png,63666,4cddac5d4e3cad40bb927778d47caf3af5414f509768137b4924ea16c88d69d7,,,deprecated,Not in approved production pool
legendary_accent_cropped,prop_chain_luxe_01,prop_chain_luxe_01.png,assets/legendary_accent_cropped/prop_chain_luxe_01.png,108341,7e0e74cc69aaa06253d425278b5894e191171720761a93a356870cfbb6fbb192,,,deprecated,Not in approved production pool
legendary_accent_cropped,prop_crown_chrome_01,prop_crown_chrome_01.png,assets/legendary_accent_cropped/prop_crown_chrome_01.png,87429,bbb40135888a129186cb289fe68e89ee7f33e1dbf76583f9f14e5f9f6dfb466b,,,deprecated,Not in approved production pool
legendary_accent_cropped,prop_crown_gold_01,prop_crown_gold_01.png,assets/legendary_accent_cropped/prop_crown_gold_01.png,57884,cd22462986e1de11aca52eda8a3781311b102b71a0b5399f340a1a9231cf773f,,,deprecated,Not in approved production pool
legendary_accent_cropped,prop_crystal_shard_01,prop_crystal_shard_01.png,assets/legendary_accent_cropped/prop_crystal_shard_01.png,70540,c203f761157312caec73ee6b915d7640ed826e9b150b5c1bd2fa00c18971e90a,,,deprecated,Not in approved production pool
legendary_accent_cropped,prop_diamond_clip_01,prop_diamond_clip_01.png,assets/legendary_accent_cropped/prop_diamond_clip_01.png,94154,21488db767a42560d17a17ccee13e003bb0cdf1e0f536dbc0e1f38be3898945b,,,deprecated,Not in approved production pool
legendary_accent_cropped,prop_gem_badge_01,prop_gem_badge_01.png,assets/legendary_accent_cropped/prop_gem_badge_01.png,119979,2459c1b9e7c21d14799e3eb212246ef66aebbff52f68fccc88978f75f785f0b8,,,deprecated,Not in approved production pool
legendary_accent_cropped,prop_holo_seal_01,prop_holo_seal_01.png,assets/legendary_accent_cropped/prop_holo_seal_01.png,46633,f328d70db55ffc53a7699ccc603196079e955e37530079a2febacb3f35ab058e,,,deprecated,Not in approved production pool
legendary_accent_cropped,prop_laser_sticker_01,prop_laser_sticker_01.png,assets/legendary_accent_cropped/prop_laser_sticker_01.png,105283,da5fcbed3ac39ef8b0eaee3d78b90e00c350e7822633304a84dfb819c84a4a03,,,deprecated,Not in approved production pool
legendary_accent_cropped,prop_pearl_tag_01,prop_pearl_tag_01.png,assets/legendary_accent_cropped/prop_pearl_tag_01.png,103110,c536e905268ecf2a4f6eb1fc6ae4f41ebd4442bdd690a090c00e6d891eabf299,,,deprecated,Not in approved production pool
latent_memory_scene,diner,diner.png,release/production_config/latent_memory_scenes/diner.png,2017820,9161e396b7ea1ab2fc19a74c7816a58f764a28e77908289927d05f3840538a43,,Legendary|Ultra Rare|1/1,approved,Receipt-local special feature scene
latent_memory_scene,motel,motel.png,release/production_config/latent_memory_scenes/motel.png,2306644,635ff827e5154b2b2ae5ec5888c8b52fa1bf769f1640f96b17a8fe17afb230aa,,Legendary|Ultra Rare|1/1,approved,Receipt-local special feature scene
latent_memory_scene,video_store,video_store.png,release/production_config/latent_memory_scenes/video_store.png,2310625,fbef79baac84678328a7f21234940f5ba9dad437a02340e4175f1ef929574d7a,,Legendary|Ultra Rare|1/1,approved,Receipt-local special feature scene
